"","Title","count","Category"
"3093","STDT 2","13325","Students"
"3101","STDT 4","12039","Students"
"785","CLIN NURSE 2","10940","Staff"
"3328","TEACHG ASST-GSHIP","10653","Student Instruction"
"3090","STDT 1","9842","Students"
"3097","STDT 3","9528","Students"
"2507","POSTDOC-EMPLOYEE","7145","Research"
"551","BLANK AST 3","5623","Staff"
"1553","GSR-PARTIAL FEE REM","4421","Student Reasearch"
"1551","GSR-FULL FEE REM","4150","Student Reasearch"
"1552","GSR-NO REM","3449","Student Reasearch"
"2573","PROF-AY","3435","Senate"
"3325","TEACHER-UNEX-CONTRACT YR","3304","Acad Staff"
"548","BLANK AST 2","2666","Staff"
"2885","RESID PHYS II-VIII/REP","2591","Med Center"
"3326","TEACHG ASST-1/10-GSHIP","2338","Student Instruction"
"1031","CUSTODIAN SR","2298","Staff"
"1672","HS ASST CLIN PROF-HCOMP","2078","Non-Senate"
"3401","TUT-NON GSHIP","2056","Student Instruction"
"2171","NURSE PD","1821","Staff"
"786","CLIN NURSE 3","1796","Staff"
"2745","READER-NON GSHIP","1749","Student Instruction"
"2744","READER-GSHIP","1723","Student Instruction"
"1868","LECT-AY-1/9","1713","Unit 18"
"1554","GSR-TUIT & FEE REM","1563","Student Reasearch"
"3068","SRA 1","1539","Staff"
"396","ASST PROF-AY","1534","Senate"
"3400","TUT-GSHIP","1501","Student Instruction"
"140","ADMIN SPEC","1501","Admin Staff"
"1622","HOSP BLANK AST 3","1487","Staff"
"334","ASSOC PROF-AY","1454","Senate"
"2882","RESID PHYS I/REP","1428","Med Center"
"3070","SRA 2 NEX","1407","Research"
"318","ASSOC IN __ -AY-1/9-GSHIP","1373","Student Instruction"
"3092","STDT 1 WKSTY","1314","Students"
"1865","LECT-AY","1283","Unit 18"
"3194","STDT VOLUNTEER","1243","Students"
"2888","RESID PHYS/SUBSPEC 4-8/REP","1207","Med Center"
"2576","PROF-AY-B/E/E","1194","Senate"
"3104","STDT 4 WKSTY","1178","Students"
"110","ADMIN ANL","1157","Admin Staff"
"2580","PROF-HCOMP","1132","Senate"
"135","ADMIN OFCR 2","1090","Admin Staff"
"1679","HS CLIN PROF-HCOMP","1084","Non-Senate"
"115","ADMIN ANL SR","1051","Admin Staff"
"1870","LECT-AY-CONTINUING","1050","Unit 18"
"1668","HS ASSOC CLIN PROF-HCOMP","1028","Non-Senate"
"2007","MED CTR CUSTODIAN SR","1027","Med Center"
"2173","NURSE PRACT 2","1013","Staff"
"3116","STDT ACTIVITIES APPT OFFICIAL","994","Acad Staff"
"1790","JR SPECIALIST","956","Staff"
"3072","SRA 3","946","Staff"
"405","ASST PROJ SCIENTIST-FY","870","Research"
"284","ASC PHYSCN DIPLOMATE","851","Med Center"
"2884","RESID PHYS II-VIII/NON REP","846","Med Center"
"821","CLIN RSCH CRD","845","Med Center"
"3330","TEACHG ASST-NON GSHIP","823","Student Instruction"
"3484","VOC NURSE SR","801","Med Center"
"2859","REMD TUT I-NON GSHIP","787","Students"
"3027","SPC STDT BYA","776","Students"
"2298","PAT COMM REPR","746",""
"2099","MGR","744","Staff"
"1866","LECT-AY-1/10","739","Unit 18"
"2509","POSTDOC-FELLOW","736","Staff"
"771","CLIN LAB SCI","720","Staff"
"3324","TEACHER-UNEX","718","Acad Staff"
"1816","LAB AST 2","716","Research Staff"
"1676","HS CLIN INSTR-HCOMP","711","Non-Senate"
"1486","FOOD SVC WORKER","708","Staff"
"1142","DIR","700","Admin"
"2286","PAT BILLER 3","683",""
"2571","PROF OF CLIN-HCOMP","665","Senate"
"1024","CUSTODIAN","659","Staff"
"1815","LAB AST 1","656","Research Staff"
"2757","RECALL FACULTY","650","Senate"
"2931","RSCH ADM 3","644","Research Staff"
"3327","TEACHG ASST-1/10-NON GSHIP","638","Student Instruction"
"2778","RECR PRG INSTR 2","630","Staff"
"3131","STDT AID OUTSIDE AGENCY","613","Students"
"112","ADMIN ANL PRN 1","601","Admin Staff"
"283","ASC PHYSCN","597","Med Center"
"3100","STDT 3 WKSTY","596","Students"
"136","ADMIN OFCR 3","592","Admin Staff"
"399","ASST PROF-AY-B/E/E","591","Senate"
"2608","PROJECT POLICY ANL 3","584","Staff"
"3176","STDT RECR","576",""
"2881","RESID PHYS I/NON REP","571",""
"1855","LECT IN SUMMER SESSION","558","Unit 18"
"822","CLIN RSCH CRD AST","554","Med Center"
"1992","MED AST 2","547","Med Center"
"1621","HOSP BLANK AST 2","546","Staff"
"3031","SPECIALIST","546","Research"
"3332","TEACHG FELLOW-GSHIP","542","Student Instruction"
"2568","PROF IN RES-HCOMP","539","Senate"
"263","APPLICATIONS PROGR 3","534","Staff"
"2607","PROJECT POLICY ANL 2","523","Staff"
"546","BLANK AST 1","520","Staff"
"2594","PROGR ANL 3","510","Staff"
"2879","RESC NURSE PD","509","Med Center"
"3178","STDT RESEARCHER","505","Students"
"358","ASSOC SPECIALIST","485","Research"
"2244","OTH POST-MD TRAIN 2-8/REP","469","Med Center"
"2187","NURSE SVC SUPV 2","460","Med Center"
"3096","STDT 2 WKSTY","459","Students"
"1627","HOSP LAB TCHN 2","452",""
"122","ADMIN CARE CLIN PARTNER","449",""
"2513","PRACTICE CRD 3","449",""
"3208","STF PHARMACIST 2","441",""
"317","ASSOC IN __ -AY-1/10-GSHIP","429","Student Instruction"
"376","ASST ADJ PROF-HCOMP","419","Non-Senate"
"2776","RECR PRG INSTR","418",""
"2808","REG RESP THER 1","417",""
"834","CLIN SOCIAL WORKER 3","409","Staff"
"166","ADMITTING WORKER PRN","398",""
"591","BUS SYS ANL 3","389","Staff"
"599","BUS TCHL SUPP ANL 2 TX","389","Staff"
"3091","STDT 1 NON UC","388","Students"
"969","COOK","388","Staff"
"1490","FOOD SVC WORKER SR","384","Staff"
"3125","STDT AFFAIRS OFCR 3 EX","382",""
"125","ADMIN MGR 1","381","Admin Staff"
"2512","PRACTICE CRD 2","380",""
"151","ADMISSIONS EVALUATOR 3","376","Staff"
"265","APPLICATIONS PROGR 4","372","Staff"
"3123","STDT AFFAIRS OFCR 2","372",""
"3186","STDT SVC ADVISOR 3","368","Acad Staff"
"1994","MED AST 3","367","Med Center"
"1625","HOSP LAB TCHN 1","360",""
"2610","PROJECT POLICY ANL 4","356","Staff"
"1415","FINANCIAL ANL 3","353","Staff"
"3185","STDT SVC ADVISOR 2","352","Acad Staff"
"1327","EXEC AST 3","351","Admin Staff"
"653","CASE MGR EX","351",""
"2288","PAT CARE AST","351","Med Center"
"420","ASST SPECIALIST","350","Research"
"2052","MED OFC SVC CRD 2","349","Med Center"
"3317","TCHN","348","Staff"
"1427","FINANCIAL SVC ANL 2","346","Staff"
"336","ASSOC PROF-AY-B/E/E","342","Senate"
"1642","HOSP UNIT SVC CRD 3","339",""
"784","CLIN NURSE 1","337","Med Center"
"2591","PROGR ANL 2","336",""
"2596","PROGR ANL 4","331",""
"123","ADMIN CARE CLIN PARTNER PD","326",""
"2398","PHARMACY TCHN 2","324","Med Center"
"3107","STDT ACAD ADVISOR 3","308","Acad Staff"
"3069","SRA 2","306","Staff"
"2930","RSCH ADM 2","306","Research Staff"
"3174","STDT PEER CNSLR","303",""
"2054","MED OFC SVC CRD 3","301","Med Center"
"2405","PHLEBOTOMIST CERT TCHN 2","301","Med Center"
"1871","LECT-FY","299","Unit 18"
"3074","SRA 4","296","Staff"
"1416","FINANCIAL ANL 4","291","Staff"
"2490","POLICE OFCR","291","Staff"
"1817","LAB AST 3","289","Research Staff"
"3277","SYS ADM 3","288","Staff"
"2004","MED CTR CUSTODIAN","288","Med Center"
"2932","RSCH ADM 4","284","Research Staff"
"856","CMTY EDUC SPEC 2","283","Staff"
"410","ASST RES-FY","281","Research"
"2644","PUBL ADMSTN ANL","281",""
"332","ASSOC PROF OF CLIN-HCOMP","280","Senate"
"728","CLIN APPLICATIONS PROFL 4","279","Med Center"
"1792","JR SPECIALIST NEX","277","Staff"
"391","ASST PROF IN RES-HCOMP","277","Senate"
"394","ASST PROF OF CLIN-HCOMP","277","Senate"
"2103","MGT SVC OFCR 1","273",""
"41","ACADEMIC COORD II-FY","272","Acad Staff"
"774","CLIN LAB SCI SPEC","268","Staff"
"3202","STERILE PROCESSING TCHN 2","267",""
"129","ADMIN NURSE 1","266",""
"2954","RSCH DATA ANL 3","265","Research Staff"
"1708","INFO SYS ANL 3","263","Staff"
"2400","PHARMACY TCHN 3","263","Med Center"
"2953","RSCH DATA ANL 2","262","Research Staff"
"344","ASSOC PROJ SCIENTIST-FY","262","Research"
"1891","LIBRARY AST 3","260","Acad Staff"
"2887","RESID PHYS/SUBSPEC 4-8/NON REP","255",""
"113","ADMIN ANL PRN 2","254",""
"156","ADMISSIONS RECRMT SPEC 1","254",""
"144","ADMIN SUPV 2","251","Admin Staff"
"2648","PUBL ADMSTN ANL SR","250",""
"1546","GROUNDSKEEPER","248","Staff"
"1618","HOSP AST SR","242",""
"2578","PROF-FY","239","Senate"
"2601","PROJ SCIENTIST-FY","238","Research"
"2761","RECALL TEACHING","237","Senate"
"1989","MED AST","237","Med Center"
"1616","HOSP AST 3 PD","237",""
"560","BLDG MAINT WORKER SR","235","Staff"
"3255","SURGICAL TCHN SR","235",""
"3029","SPEC","234",""
"3170","STDT LIFE DEV SPEC 3","233","Acad Staff"
"1885","LIBRARIAN-CAREER STATUS","232","Acad Staff"
"1654","HR GENERALIST 2","230","Staff"
"3403","TUT-NON STDNT","230","Acad Staff"
"329","ASSOC PROF IN RES-HCOMP","227","Senate"
"1586","HEALTH PROFNS EDUC SPEC 2","227","Med Center"
"892","COLL REPR SR","227",""
"1414","FINANCIAL ANL 2","226","Staff"
"2022","MED CTR FOOD SVC WORKER SR","226","Med Center"
"2020","MED CTR FOOD SVC WORKER PRN","222","Med Center"
"3460","VIS ASST PROF","220","Non-Senate"
"3156","STDT INTERN","220",""
"884","COACH AST 3","219","Athletics"
"1873","LECT-MISCELLANEOUS/PART TIME","218","Non-Senate"
"1428","FINANCIAL SVC ANL 3","218","Staff"
"832","CLIN SOCIAL WORKER 2","213","Med Center"
"2008","MED CTR CUSTODIAN SR PD","210","Med Center"
"3103","STDT 4 NON UC","207","Students"
"1892","LIBRARY AST 4","207","Acad Staff"
"910","COMM SPEC 3","206","Staff"
"1620","HOSP BLANK AST 1","205","Staff"
"726","CLIN APPLICATIONS PROFL 3","205","Med Center"
"1205","EHS SPEC 3","200","Staff"
"593","BUS SYS ANL 4","199","Staff"
"2174","NURSE PRACT 3","198","Staff"
"50","ACCESS REPR PRN","198",""
"2520","PRG REPR 2","198",""
"3145","STDT EVENTS","198",""
"3180","STDT RSDNC HALLS","195","Students"
"13","ACAD HR ANL 3","195","Staff"
"2312","PAT RCDS ABSTRACTOR 3","195",""
"1220","ELECTRN","194","Staff"
"305","ASSOC ADJ PROF-HCOMP","193","Non-Senate"
"24","ACAD PRG MGT OFCR 4","193","Acad Staff"
"3106","STDT ACAD ADVISOR 2","193","Acad Staff"
"483","AUTO EQUIP OPR PRN","192","Staff"
"2903","RESP THER 2","192",""
"3412","ULTRASOUND TCHNO SR","192",""
"2165","NURSE AID SR","191","Med Center"
"2113","MISCELLANEOUS","190","Staff"
"12","ACAD HR ANL 2","189","Staff"
"126","ADMIN MGR 2","189","Admin Staff"
"2735","RADLG TCHNO","188","Staff"
"138","ADMIN OFCR 4","188","Admin Staff"
"2809","REG RESP THER PD","188",""
"2000","MED CTR COOK","186","Med Center"
"891","COLL REPR","186",""
"370","ASST ADJ PROF-AY","184","Non-Senate"
"2759","RECALL NON-FACULTY ACAD","184","Non-Senate"
"2329","PAT SUPP AST","184",""
"3279","SYS ADM 4","183","Staff"
"1587","HEALTH PROFNS EDUC SPEC 3","183","Med Center"
"717","CLERK SR OR SECR","181","Staff"
"2937","RSCH AND DEV ENGR 3","181","Research Staff"
"855","CMTY EDUC SPEC 1","180","Staff"
"2105","MGT SVC OFCR 2","180",""
"1138","DIGITAL COMM SPEC 3","178","Staff"
"1498","FUNDRAISER 5","178","Staff"
"600","BUS TCHL SUPP ANL 3 TX","177","Staff"
"2867","RES-FY","177","Research"
"731","CLIN CARE PARTNER","176","Med Center"
"1629","HOSP LAB TCHN 3","176",""
"339","ASSOC PROF-HCOMP","175","Senate"
"2741","RADLG TCHNO SR","175",""
"1487","FOOD SVC WORKER LD","174","Staff"
"1710","INFO SYS ANL 4","174","Staff"
"401","ASST PROF-HCOMP","174","Senate"
"2758","RECALL HCOMP","174","Senate"
"2245","PAINTER","172","Staff"
"2577","PROF-AY-LAW","172","Senate"
"837","CLIN SPEC EX","172","Med Center"
"1655","HR GENERALIST 3","171","Staff"
"554","BLANK AST 4","170","Staff"
"158","ADMISSIONS RECRMT SPEC 3","169","Staff"
"2645","PUBL ADMSTN ANL AST","169",""
"3514","WRITER EDITOR 3","168","Staff"
"349","ASSOC RES-FY","168","Research"
"2446","PHYSCN AST SR","168",""
"3470","VIS PROF","167","Non-Senate"
"1497","FUNDRAISER 4","165","Staff"
"105","ADJ PROF-HCOMP","164","Non-Senate"
"787","CLIN NURSE 4","164","Med Center"
"970","COOK AST","162","Staff"
"1312","EVENTS SPEC 3","162","Staff"
"2521","PRG REPR 3","162",""
"2737","RADLG TCHNO PRN","161",""
"2860","REMD TUT II-GSHIP","161",""
"1990","MED AST 1","160","Med Center"
"3207","STF PHARMACIST 1 NEX","160",""
"226","AMERICORP MEMBER","159","Staff"
"1594","HEALTH TCHN 3","159","Staff"
"1495","FUNDRAISER 3","158","Staff"
"1346","FAC MECH","157",""
"1671","HS ASST CLIN PROF-FY","156","Non-Senate"
"1307","EVENTS CRD 2","154","Staff"
"1311","EVENTS SPEC 2","153","Staff"
"111","ADMIN ANL AST","153",""
"2892","RESID-VET MED/NON REP","153",""
"262","APPLICATIONS PROGR 2","152","Staff"
"1821","LAB HELPER","151","Research Staff"
"242","ANESTHETIST NURSE SR NEX","151","Med Center"
"321","ASSOC IN__-AY- 1/9 -NON-GSHIP","150","Student Instruction"
"1026","CUSTODIAN LD","150","Staff"
"2030","MED CTR SCRTY OFCR","150","Med Center"
"1564","HEAD COACH 5","149","Coach"
"428","AST PHYSCN","148",""
"152","ADMISSIONS EVALUATOR IR","146",""
"319","ASSOC IN ____-AY-GSHIP","145","Student Instruction"
"2519","PRG REPR 1","143",""
"696","CHILD DEV CTR TEACHER 1","142","Staff"
"927","COMPUTER RESC SPEC 2","142","Staff"
"1856","LECT PSOE-AY","141","Teaching Track"
"879","CNSLNG PSYCHOLOGIST 3 HX","141","Staff"
"2506","POST DDS I-VI/NON REP","141",""
"157","ADMISSIONS RECRMT SPEC 2","140","Staff"
"1128","DIETITIAN 2","140",""
"3314","TCHL PROJECT MGT PROFL 4","139","Staff"
"116","ADMIN ANL SR SUPV","139",""
"3322","TEACHER-SPEC PROG","138","Unit 18"
"1483","FOOD SVC SUPV 1","138","Staff"
"824","CLIN RSCH CRD SR NEX","138","Med Center"
"3160","STDT IT","138",""
"868","CMTY HEALTH PRG REPR PD","137","Staff"
"1365","FAC PROJECT MGT SPEC 4","137","Staff"
"2657","PUBL EDUC SPEC 3","135","Staff"
"3127","STDT AFFAIRS OFCR 4","135",""
"2431","PHYS THER 2 NEX","134",""
"1354","FAC MGT SPEC 3","133","Staff"
"22","ACAD PRG MGT OFCR 3","133","Acad Staff"
"114","ADMIN ANL PRN SUPV","133",""
"218","AMBUL CARE ADMSTN SUPV 1","132","Med Center"
"95","ADJ INSTR-AY","131","Non-Senate"
"2184","NURSE SVC MGR 2","129","Med Center"
"883","COACH AST 2","129","Athletics"
"94","ADDL COMP-HGH&OLIVE VIEW MCS","129",""
"2936","RSCH AND DEV ENGR 2","128","Research Staff"
"866","CMTY HEALTH PRG REPR","127","Staff"
"911","COMM SPEC 4","126","Staff"
"2637","PSYCHOLOGIST 2","125",""
"3158","STDT INTRA SPORTS","125",""
"1506","GEN ACCOUNTANT 3","124","Staff"
"2347","PAYROLL ANL 2","124","Staff"
"3321","TCHN SR","124","Staff"
"2232","ORGANIZATIONAL CNSLT 4","123","Staff"
"3367","TRAINER 3","123","Athletics"
"407","ASST PROJ SCIENTIST-FY-B/E/E","122","Research"
"484","AUTO EQUIP OPR SR","121","Staff"
"973","COOK SR","121","Staff"
"2981","SCRTY GUARD","120","Staff"
"780","CLIN LAB SUPV 2","120","Med Center"
"2183","NURSE SVC MGR 1","120","Med Center"
"38","ACADEMIC COORD I-FY","120","Acad Staff"
"3334","TEACHING ASSISTANT - STIPEND","118","Student Instruction"
"1055","DATA SYS ANL 3","118","Staff"
"2656","PUBL EDUC SPEC 2","118","Staff"
"2150","NON-PHYS CLIN TRAIN","118",""
"1555","GSR-TUIT & FEE REM-UCSD-GRP B","117","Student Reasearch"
"2384","PHARMACIST PD","117","Staff"
"3345","TELEMETRY TCHN","117",""
"831","CLIN SOCIAL WORKER 1 NEX","116","Med Center"
"1968","MARKETING SPEC 3","115","Staff"
"219","AMBUL CARE ADMSTN SUPV 2","115","Med Center"
"52","ACCESS REPR SR","115",""
"203","ALUMNI EXTERNAL REL SPEC 3","114","Staff"
"516","BENEFITS ANL 2","114","Staff"
"214","AMBUL CARE ADMSTN MGR 1","114","Med Center"
"2475","PLUMBER","112",""
"3482","VOC NURSE","112",""
"590","BUS SYS ANL 2","111","Staff"
"1751","INTRM POSTDOC SCHOLAR-EMPLOYEE","111","Staff"
"1808","K to 14 ACAD PREP SPEC 3","111","Staff"
"2945","RSCH CMPLNC ANL 3","111","Research Staff"
"1246","EMERGENCY TRAUMA TCHN SR","110",""
"1559","GSR-TUIT & FEE REM-UCSD-GRP F","108","Student Reasearch"
"1363","FAC PROJECT MGT SPEC 3","108","Staff"
"1712","INFO SYS MGR 1","107","Staff"
"143","ADMIN SUPV 1","107","Admin Staff"
"3409","ULTRASOUND TCHNO PRN","107",""
"3179","STDT RESEARCHER WKSTY","105","Students"
"781","CLIN LIC SOCIAL WORKER","105","Med Center"
"715","CLERK","105",""
"2176","NURSE PRACT PD","104","Staff"
"2781","RECR PRG LEADER 2 BYA","104","Staff"
"1144","DIR AST","104",""
"1841","LABORER","104",""
"2287","PAT BILLER 4","104",""
"1831","LAB RSCH SUPV 1","103","Research Staff"
"2017","MED CTR FOOD SVC WORKER","103","Med Center"
"1558","GSR-TUIT & FEE REM-UCSD-GRP E","101","Student Reasearch"
"2538","PROCUREMENT ANL 2","101","Staff"
"168","ADMITTING WORKER SR","101",""
"3121","STDT AFFAIRS OFCR 1","101",""
"2938","RSCH AND DEV ENGR 4","100","Research Staff"
"1328","EXEC AST 4","100","Admin Staff"
"1057","DATA SYS ANL 4","99","Staff"
"1593","HEALTH TCHN 2","99","Med Center"
"2032","MED CTR SCRTY OFCR SR","99","Med Center"
"164","ADMITTING WORKER","99",""
"2243","OTH POST-MD TRAIN 2-8/NON REP","99",""
"3312","TCHL PROJECT MGT PROFL 3","98","Staff"
"2242","OTH POST DDS/NON REP","98",""
"763","CLIN INFORMATICS SPEC 4","97","Med Center"
"1993","MED AST 2 PD","97","Med Center"
"1074","DEAN","97","Admin"
"1624","HOSP BLANK AST 4","97",""
"2966","RSDT AST","97",""
"773","CLIN LAB SCI PD","96","Staff"
"1022","CUSTODIAL SUPV 1","96","Staff"
"1409","FINANCIAL AID OFCR 3","96","Staff"
"2386","PHARMACIST SR EX","96","Med Center"
"2356","PERF ARTIST 2","96",""
"2590","PROGR ANL 1","96",""
"517","BENEFITS ANL 3","95","Staff"
"2379","PGY I PHARMACY RESID/NON REP","95","Med Center"
"3187","STDT SVC ADVISOR 4","95","Acad Staff"
"1872","LECT-FY-CONTINUING","94","Unit 18"
"320","ASSOC IN__-AY- 1/10 -NON-GSHIP","94","Student Instruction"
"1353","FAC MGT SPEC 2","94","Staff"
"209","AMBUL CARE ADMSTN CRD 2","94","Med Center"
"425","ASST TEACHER-UNEX","94","Non-Senate"
"2314","PAT RCDS ABSTRACTOR 4","94",""
"1707","INFO SYS ANL 2","93","Staff"
"2127","MUSEUM SCI","93","Staff"
"3169","STDT LIFE DEV SPEC 2","93","Acad Staff"
"930","COMPUTING RESC MGR 2","93",""
"698","CHILD DEV CTR TEACHER 2","92","Staff"
"689","CHIEF RESID PHYS-REP","92","Med Center"
"828","CLIN RSCH SUPV 1","92","Med Center"
"2399","PHARMACY TCHN 2 PD","92","Med Center"
"1615","HOSP AST 2 PD","92",""
"2107","MGT SVC OFCR 3","92",""
"2289","PAT CARE AST PD","92",""
"2911","REVENUE CYCLE HC ANL 3","91",""
"1263","EMPLOYMENT REPR 3","90","Staff"
"1905","LIFEGUARD","90","Staff"
"2267","PARKING REPR SR","90","Staff"
"2935","RSCH AND DEV ENGR 1","90","Research Staff"
"109","ADM CRD OFCR","90",""
"3252","SURGICAL TCHN","90",""
"3414","UNCLASSIFIED","90",""
"2606","PROJECT POLICY ANL 1","89","Staff"
"44","ACADEMIC COORD III-FY","89","Acad Staff"
"643","CARPENTER","89",""
"3200","STERILE PROCESSING TCHN 1","89",""
"2736","RADLG TCHNO PD","88","Staff"
"654","CASE MGR NEX","87",""
"2306","PAT NAVGTR NON-CLIN 2","87",""
"692","CHILD DEV CTR AST","86","Staff"
"1419","FINANCIAL ANL MGR 1","86","Staff"
"458","ATH TRAINER 3","86","Athletics"
"2746","READER-NON STDNT","86","Acad Staff"
"1860","LECT SOE-AY","85","Teaching Track"
"897","COMM AND NETWORK TCHL ANL 3","85","Staff"
"1207","EHS SPEC 4","85","Staff"
"1747","INTERN-CLINICAL PSYCHOLOGY","85","Staff"
"2955","RSCH DATA ANL 4","85","Research Staff"
"2713","QLTY IMPV HC SPEC 4","85",""
"1203","EHS SPEC 2 NEX","84","Staff"
"127","ADMIN MGR 3","84","Admin Staff"
"433","AST TO DEAN DIR CHAIR 1","84","Admin Staff"
"2646","PUBL ADMSTN ANL PRN","84",""
"204","ALUMNI EXTERNAL REL SPEC 4","83","Staff"
"98","ADJ PROF-AY","83","Non-Senate"
"1902","LIBRARY PROFL 4","83","Acad Staff"
"1143","DIR ASC","83",""
"2677","PUBL SFTY DISPATCHER","82","Staff"
"108","ADJUNCT PROFESSOR","82","Non-Senate"
"861","CMTY HEALTH OUTR PROFL 2","81","Staff"
"1505","GEN ACCOUNTANT 2","81","Staff"
"1569","HEALTH EDUCATOR 2","81","Staff"
"993","CT TCHNO","81",""
"639","CAREER SVC SPEC 4","80","Staff"
"323","ASSOC LIBRARIAN -CAREER STATUS","80","Acad Staff"
"929","COMPUTING RESC MGR 1","80",""
"1617","HOSP AST PD","80",""
"1626","HOSP LAB TCHN 1 PD","80",""
"278","ARTIST SR","79","Staff"
"1717","INFO SYS SUPV 2","79","Staff"
"1967","MARKETING SPEC 2","79","Staff"
"225","AMBUL CARE PAT SUPV 2","79","Med Center"
"1371","FAC WORKER","79",""
"2515","PRG PROMOTION MGR 1","79",""
"3381","TRANSPLANT CRD 2","79",""
"1614","HOSP AST 1 PD","78","Staff"
"2760","RECALL NON-FACULTY ACAD NEX","78","Non-Senate"
"830","CLIN SOCIAL WORKER 1 EX","78","Med Center"
"35","ACADEMIC ADMINISTRATOR VII","78","Admin"
"324","ASSOC LIBRARIAN-POTNTL CAREER","78","Acad Staff"
"974","COOP EXT ADVISOR","78",""
"1645","HOUSE MGR 2","78",""
"2299","PAT ESCORT","78",""
"3018","SOCIAL WORK ASC","78",""
"3483","VOC NURSE PD","78",""
"558","BLDG MAINT WORKER","77","Staff"
"3217","STOREKEEPER SR","77","Staff"
"1678","HS CLIN PROF-FY","77","Non-Senate"
"776","CLIN LAB SCI SPEC SR","77","Med Center"
"795","CLIN NURSE OR ADV PRACT SPEC 4","77","Med Center"
"3112","STDT ACAD SPEC 3","77","Acad Staff"
"2598","PROGR ANL 5","77",""
"2952","RSCH DATA ANL 1","77",""
"2539","PROCUREMENT ANL 3","76","Staff"
"2779","RECR PRG INSTR 3","76","Staff"
"1599","HISTO TCHNO 2","76",""
"2195","OCCUPATIONAL THER 2 NEX","76",""
"3059","SR LECT SOE-AY","75","Teaching Track"
"638","CAREER SVC SPEC 3","75","Staff"
"3195","STEAM OPS ENGR","75",""
"3014","SKLD CRAFTS TRADES SUPV 2","74","Staff"
"3276","SYS ADM 2","74","Staff"
"688","CHIEF RESID PHYS-NON REP","74","Med Center"
"1215","ELECTED OFCR STDT GOVT","74",""
"2106","MGT SVC OFCR 2 SUPV","74",""
"3318","TCHN AST","74",""
"538","BIOINFORMATICS PROGR 4","73","Staff"
"850","CMPTL AND DATA SCI RSCH SPEC 4","73","Staff"
"446","ATH PROFL 1 BYA","73","Athletics"
"172","ADV OFCR 3","73",""
"1869","LECT-AY-1/9-CONTINUING","72","Unit 18"
"221","AMBUL CARE PAT MGR 1","72","Med Center"
"5","ACAD ACHIEVEMENT CNSLR 3","72","Acad Staff"
"1574","HEALTH INFO CODER 2","71","Med Center"
"2418","PHYS PLT MECH","71",""
"1507","GEN ACCOUNTANT 4","70","Staff"
"988","COUNSEL 4","70",""
"2804","REG DENTAL AST","70",""
"202","ALUMNI EXTERNAL REL SPEC 2","69","Staff"
"2581","PROF-SFT-VM","69","Senate"
"423","ASST SPECIALIST NEX","69","Research"
"3455","VIS ASSOC PROF","69","Non-Senate"
"450","ATH PROFL 3 BYA","69","Athletics"
"1321","EXEC ADVISOR 4","69","Admin Staff"
"171","ADV OFCR 2","69",""
"1832","LAB RSCH SUPV 2","68","Research Staff"
"3462","VIS ASST PROJ SCIENTIST","68","Research Staff"
"3171","STDT LIFE DEV SPEC 4","68","Acad Staff"
"2280","PAT BILL AND COLL REPR 3","68",""
"2444","PHYSCN AST","68",""
"2910","REVENUE CYCLE HC ANL 2","68",""
"553","BLANK AST 3 SUPV","67","Staff"
"679","CHEF 2","67","Staff"
"1746","INTERN-CLIN PSYCH-GENL CAMP","67","Staff"
"2396","PHARMACY TCHN 1","67","Staff"
"789","CLIN NURSE EDUC 3","67","Med Center"
"655","CASE MGR PD","67",""
"3181","STDT RSDNC HALLS BYA","66","Students"
"2612","PROJECT POLICY ANL 5","66","Staff"
"1494","FUNDRAISER 2 NEX","65","Staff"
"1807","K to 14 ACAD PREP SPEC 2","65","Staff"
"2659","PUBL EDUC SPEC 4","65","Staff"
"2982","SCRTY GUARD SR","65","Staff"
"2872","RES-FY-NON REP","65","Research Staff"
"1667","HS ASSOC CLIN PROF-FY","65","Non-Senate"
"3111","STDT ACAD SPEC 2","65","Acad Staff"
"3204","STERILE PROCESSING TCHN 3","65",""
"899","COMM AND NETWORK TCHL ANL 4","64","Staff"
"233","ANESTHESIA TCHN 2","64","Med Center"
"791","CLIN NURSE EDUC 4","64","Med Center"
"1576","HEALTH INFO CODER 4","64","Med Center"
"3152","STDT HEALTH PHYSCN 4","64","Acad Staff"
"2108","MGT SVC OFCR 3 SUPV","64",""
"2114","MRI TCHNO","64",""
"2429","PHYS THER 1 PD","64",""
"2459","PHYSCN SR","64",""
"257","APPLICATIONS PRG SUPV 2","63","Staff"
"1570","HEALTH EDUCATOR 3","63","Staff"
"2383","PHARMACIST 5","63","Med Center"
"1942","MAINT MECH","63",""
"2213","OPS ROOM AST 1","63",""
"14","ACAD HR ANL 4","62","Staff"
"536","BIOINFORMATICS PROGR 3","62","Staff"
"3213","STOREKEEPER","62","Staff"
"2508","POSTDOC-EMPLOYEE NEX","62","Research"
"1484","FOOD SVC SUPV 2","61","Staff"
"2686","PUBLICATIONS PROD SPEC 3","61","Staff"
"2220","OPS ROOM SUPP AST","61",""
"2597","PROGR ANL 4 SUPV","61",""
"2402","PHLEBOTOMIST","60","Med Center"
"25","ACAD PRG MGT OFCR 5","60","Acad Staff"
"3173","STDT LIFE DEVT SUPV 2","60","Acad Staff"
"549","BLANK AST 2 PD","59","Staff"
"585","BUS INTEL SPEC 3","59","Staff"
"1420","FINANCIAL ANL MGR 2","59","Staff"
"2130","MUSEUM SCI SR","59","Staff"
"3515","WRITER EDITOR 4","59","Staff"
"374","ASST ADJ PROF-FY","59","Non-Senate"
"2015","MED CTR ENVIR SVC WORKER 1","59","Med Center"
"2898","RESP CARE PRACT TCHN","59",""
"3175","STDT PEER CNSLR WKSTY","59",""
"3253","SURGICAL TCHN PD","59",""
"1054","DATA SYS ANL 2","58","Staff"
"1500","FUNDRAISING MGR 2","58","Staff"
"1713","INFO SYS MGR 2","58","Staff"
"103","ADJ PROF-FY","58","Non-Senate"
"300","ASSOC ADJ PROF-AY","58","Non-Senate"
"381","ASST COOP EXT ADVISOR","58",""
"1004","CTRL SVC TCHN 2","58",""
"1244","EMERGENCY TRAUMA TCHN","58",""
"2307","PAT NAVGTR NON-CLIN 3","58",""
"1475","FOOD SVC MGR 1","57","Staff"
"1775","IT ARCHITECT 5","57","Staff"
"1784","IT SCRTY ANL 4","57","Staff"
"1936","MAIL PROCESSOR SR","57","Staff"
"2979","SCENE TCHN SR","57","Staff"
"818","CLIN RSCH ANL 4","57","Med Center"
"1403","FIN ANL SR","57",""
"2724","RAD THER TCHNO SR","57",""
"2734","RADLG SVC SUPV 2","57",""
"380","ASST CLIN PROF-VOL","56","Non-Senate"
"829","CLIN RSCH SUPV 2","56","Med Center"
"2034","MED CTR STOREKEEPER","56","Med Center"
"1683","HVAC MECH","56",""
"2339","PAT TRANSPORT TCHN 2","56",""
"2974","SCENE TCHN","56",""
"1139","DIGITAL COMM SPEC 4","55","Staff"
"1217","ELECTR TCHN PRN","55","Staff"
"1262","EMPLOYMENT REPR 2","55","Staff"
"1809","K to 14 ACAD PREP SPEC 4","55","Staff"
"1736","INSTRUCTIONAL DESIGNER 3","55","Acad Staff"
"3066","SR LECT-AY-CONTINUING","54","Unit 18"
"2556","PRODUCER DIR SR","54","Staff"
"3224","STORES WORKER","54","Staff"
"406","ASST PROJ SCIENTIST-FY NEX","54","Research"
"49","ACCESS REPR PD","54",""
"1257","EMPLOYEE SVC ASC","54",""
"2434","PHYS THER 3 NEX","54",""
"542","BIOMED EQUIP TCHN 2","53","Staff"
"926","COMPUTER RESC SPEC 1","53","Staff"
"964","CONTRACTS AND GRANTS SUPV 2","53","Staff"
"1489","FOOD SVC WORKER PRN","53","Staff"
"1726","INSTITUTIONAL RSCH ANL 3","53","Staff"
"1934","MAIL PROCESSOR","53","Staff"
"2493","POLICE SERGEANT SUPV 2","53","Staff"
"412","ASST RES-FY-B/E/E","53","Research"
"632","CARE SUPV 1","53","Med Center"
"2163","NUC MED TCHNO SR","53","Med Center"
"3368","TRAINER 4","53","Athletics"
"3172","STDT LIFE DEVT SUPV 1","53","Acad Staff"
"877","CNSLNG PSYCHOLOGIST 2 HX","53",""
"1749","INTERVENTIONAL RADLG TCHNO","53",""
"2282","PAT BILL AND COLL SUPV 1","53",""
"3128","STDT AFFAIRS OFCR 4 SUPV","53",""
"3249","SUPV TEACHER ED-AY","53",""
"1418","FINANCIAL ANL 5","52","Staff"
"2416","PHYS PLT LABORER GARDENER B","52","Staff"
"2946","RSCH CMPLNC ANL 4","52","Research Staff"
"243","ANESTHETIST NURSE SR PD","52","Med Center"
"2166","NURSE AID SR PD","52","Med Center"
"141","ADMIN SPEC SUPV","52",""
"1528","GI ENDOSCOPY TCHN 2","52",""
"1641","HOSP UNIT SVC CRD 2","52",""
"2338","PAT TRANSPORT TCHN 1","52",""
"2340","PAT TRANSPORT TCHN 2 PD","52",""
"1436","FINANCIAL SVC SUPV 1","51","Staff"
"3479","VISUAL COMM SPEC 4","51","Staff"
"1670","HS ASST CLIN PROF-AY","51","Non-Senate"
"762","CLIN INFORMATICS SPEC 3","51","Med Center"
"2023","MED CTR FOOD SVC WORKER SR PD","51","Med Center"
"3164","STDT LIFE DEV MGR 1","51","Acad Staff"
"1632","HOSP LAB TCHN 4","51",""
"535","BIOINFORMATICS PROGR 2","50","Staff"
"1355","FAC MGT SPEC 4","50","Staff"
"2076","MEDIA COMM SPEC 3","50","Staff"
"3108","STDT ACAD ADVISOR 4","50","Acad Staff"
"3406","ULTRASOUND TCHNO","50",""
"1858","LECT PSOE-AY-B/E/E","49","Teaching Track"
"159","ADMISSIONS RECRMT SPEC 4","49","Staff"
"857","CMTY EDUC SPEC 3","49","Staff"
"915","COMPENSATION ANL 3","49","Staff"
"2128","MUSEUM SCI AST","49","Staff"
"833","CLIN SOCIAL WORKER 2 PD","49","Med Center"
"20","ACAD PRG MGR 1","49","Acad Staff"
"3168","STDT LIFE DEV SPEC 1","49","Acad Staff"
"1134","DIETITIAN SR","49",""
"2283","PAT BILL AND COLL SUPV 2","49",""
"2720","RAD THER TCHNO","49",""
"2959","RSCH GNT PRG OFCR 3","49",""
"3135","STDT CAMP PRG ONSITE","49",""
"1368","FAC SUPV 1","48","Staff"
"1656","HR GENERALIST 4","48","Staff"
"2223","OPTOMETRIST 3","48","Staff"
"3319","TCHN PRN","48","Staff"
"422","ASST SPECIALIST COOP EXT","48","Research"
"215","AMBUL CARE ADMSTN MGR 2","48","Med Center"
"2380","PGY II PHARMACY RESID/NON REP","48","Med Center"
"2382","PHARMACIST 2 PD","48","Med Center"
"1076","DEAN AST","48","Admin Staff"
"1013","CURRICULUM PLNR 2","48",""
"3028","SPEAKER-UNEX","48",""
"906","COMM MGR 1","47","Staff"
"1424","FINANCIAL ANL SUPV 2","47","Staff"
"1782","IT SCRTY ANL 3","47","Staff"
"2699","QA RELEASE MGT ANL 3","47","Staff"
"96","ADJ INSTR-FY","47","Non-Senate"
"55","ACCOUNTANT 2 EX","47",""
"1379","FARM LABORER","47",""
"1812","K-12 INSTRUCTOR-AY","47",""
"2117","MRI TCHNO SR","47",""
"2371","PERSONNEL ANL","47",""
"3030","SPECIAL READER-UCLA-GSHIP","47",""
"3134","STDT CAMP PRG OFFSITE","47",""
"3161","STDT IT WKSTY","47",""
"3234","STUDENT RESEARCH ASSISTANT II","47",""
"3333","TEACHG FELLOW-NON GSHIP","46","Student Instruction"
"261","APPLICATIONS PROGR 1","46","Staff"
"2231","ORGANIZATIONAL CNSLT 3","46","Staff"
"3036","SPECIALIST NON REP","46","Research Staff"
"3193","STDT SVC SUPV 2","46","Acad Staff"
"996","CT TCHNO SR","46",""
"1091","DENTAL AST","46",""
"2214","OPS ROOM AST 2","46",""
"2469","PLNG SPEC 4","45","Staff"
"3034","SPECIALIST COOP EXT","45","Research"
"738","CLIN DOC SPEC 4","45","Med Center"
"699","CHILD DEV CTR TEACHER 2 LD","45",""
"716","CLERK PD","45",""
"1491","FOOD SVC WORKER SR PD","45",""
"3413","ULTRASOUND TCHNO SR PD","45",""
"605","BUS TCHL SUPP SUPV 2","44","Staff"
"955","CONTRACT ADM 4","44","Staff"
"1068","DATABASE ADM 4","44","Staff"
"1362","FAC PROJECT MGT SPEC 2","44","Staff"
"2772","RECR COACH 3","44","Athletics"
"117","ADMIN ANL SUPV NEX","44",""
"2265","PARKING REPR","44",""
"258","APPLICATIONS PROGM MGR 1","43","Staff"
"502","BEH HEALTH COUNSELOR 3","43","Staff"
"2433","PHYS THER 3 EX","43","Staff"
"3421","USHER","43","Staff"
"1818","LAB AST 4","43","Research Staff"
"2944","RSCH CMPLNC ANL 2","43","Research Staff"
"3464","VIS ASST RES","43","Research"
"102","ADJ PROF-AY-B/E/E","43","Non-Senate"
"222","AMBUL CARE PAT MGR 2","43","Med Center"
"2172","NURSE PRACT 1","43","Med Center"
"1322","EXEC ADVISOR 5","43","Admin Staff"
"4","ACAD ACHIEVEMENT CNSLR 2","43","Acad Staff"
"3154","STDT HEALTH PHYSCN 5","43","Acad Staff"
"1643","HOSP UNIT SVC CRD PD","43",""
"2901","RESP CARE SUPV 2","43",""
"3254","SURGICAL TCHN PRN","43",""
"543","BIOMED EQUIP TCHN 3","42","Staff"
"849","CMPTL AND DATA SCI RSCH SPEC 3","42","Staff"
"121","ADMIN AST 3","42","Admin Staff"
"3184","STDT SVC ADVISOR 1","42","Acad Staff"
"1202","EHS SPEC 2 EX","42",""
"1369","FAC SUPV 2","42",""
"1526","GI ENDOSCOPY TCHN 1","42",""
"2711","QLTY IMPV HC SPEC 3","42",""
"2909","REVENUE CYCLE HC ANL 1","42",""
"266","APPLICATIONS PROGR 5","41","Staff"
"633","CARE SUPV 2","41","Staff"
"960","CONTRACTS AND GRANTS MGR 1","41","Staff"
"967","CONVERSION JOB CODE","41","Staff"
"1348","FAC MGR 1","41","Staff"
"1408","FINANCIAL AID OFCR 2","41","Staff"
"1499","FUNDRAISING MGR 1","41","Staff"
"1774","IT ARCHITECT 4","41","Staff"
"2468","PLNG SPEC 3","41","Staff"
"2685","PUBLICATIONS PROD SPEC 2","41","Staff"
"2787","RECR SUPV 1","41","Staff"
"3198","STEAMFITTER","41","Staff"
"1826","LAB MECHN PRN","41","Research Staff"
"1575","HEALTH INFO CODER 3","41","Med Center"
"2170","NURSE CRD","41","Med Center"
"2395","PHARMACY SUPV 2","41","Med Center"
"889","COGEN OPR","41",""
"1035","CUSTODIAN SUPV","41",""
"1132","DIETITIAN PD","41",""
"1231","ELECTROCARDIOGRAPH TCHN SR","41",""
"1245","EMERGENCY TRAUMA TCHN PD","41",""
"1389","FIELD RESEARCHER 2","41",""
"1479","FOOD SVC MGR AST SUPV","41",""
"1519","GENETIC CNSLR 3 EX","41",""
"2311","PAT RCDS ABSTRACTOR 2","41",""
"2428","PHYS THER 1 NEX","41",""
"2498","POLYSOMNOGRAPHY TCHNO SR","41",""
"3446","VETERINARIAN 2","41",""
"3323","TEACHER-SPEC PROG-CONTINUING","40","Unit 18"
"1727","INSTITUTIONAL RSCH ANL 4","40","Staff"
"1969","MARKETING SPEC 4","40","Staff"
"2613","PROJECT POLICY ANL MGR 1","40","Staff"
"2777","RECR PRG INSTR 1","40","Staff"
"3447","VETERINARIAN 3","40","Staff"
"1839","LABOR REL REPR 4","40","Admin Staff"
"1146","DIRECTOR","40","Admin"
"3188","STDT SVC MGR 1","40","Acad Staff"
"56","ACCOUNTANT 3","40",""
"1488","FOOD SVC WORKER PD","40",""
"1543","GROUNDS EQUIP OPR","40",""
"2426","PHYS PLT SUPT SR","40",""
"2883","RESID PHYS I/REP-OV","40",""
"1556","GSR-TUIT & FEE REM-UCSD-GRP C","39","Student Reasearch"
"1254","EMPLOYEE REL REPR 4","39","Staff"
"1304","ETHICS AND CMPLNC PROFL 3","39","Staff"
"210","AMBUL CARE ADMSTN CRD 3","39","Med Center"
"1003","CTRL SVC TCHN 1 PD","39",""
"1042","CWSP-ON CAMPUS","39",""
"1086","DECISION SUPP SPEC 4","39",""
"1931","LW&R INTRUCTOR I","39",""
"3291","SYS OPR","39",""
"595","BUS SYS ANL MGR 1","38","Staff"
"1437","FINANCIAL SVC SUPV 2","38","Staff"
"730","CLIN APPLICATIONS SUPV 2","38","Med Center"
"782","CLIN LIC SOCIAL WORKER PD","38","Med Center"
"2037","MED CTR STOREKEEPER SR","38","Med Center"
"1093","DENTAL HYGIENIST","38",""
"1124","DIETETIC AST","38",""
"1547","GROUNDSKEEPER LD","38",""
"1762","IP OFCR 3","38",""
"2328","PAT SPECIALTY SVC TCHN","38",""
"2432","PHYS THER 2 PD","38",""
"3146","STDT EVENTS WKSTY","38",""
"3232","STUDENT (MISCELLANEOUS)","38",""
"598","BUS SYS ANL SUPV 2","37","Staff"
"1023","CUSTODIAL SUPV 2","37","Staff"
"1180","EDUC TCHL SPEC 3","37","Staff"
"1664","HR SUPV 2","37","Staff"
"2233","ORGANIZATIONAL CNSLT 5","37","Staff"
"2540","PROCUREMENT ANL 4","37","Staff"
"2783","RECR PRG LEADER 3 BYA","37","Staff"
"3285","SYS ADMSTN SUPV 2","37","Staff"
"337","ASSOC PROF-FY","37","Senate"
"2582","PROFESSOR OF LAW","37","Senate"
"823","CLIN RSCH CRD SR EX","37","Med Center"
"2389","PHARMACY MGR 1","37","Med Center"
"21","ACAD PRG MGR 2","37","Acad Staff"
"1110","DEV ENGR ASC","37",""
"2592","PROGR ANL 2 SOD","37",""
"3019","SOCIAL WORK ASC AST","37",""
"3177","STDT RECR WKSTY","36","Students"
"1557","GSR-TUIT & FEE REM-UCSD-GRP D","36","Student Reasearch"
"247","ANL 1","36","Staff"
"248","ANL 2","36","Staff"
"637","CAREER SVC SPEC 2","36","Staff"
"1429","FINANCIAL SVC ANL 4","36","Staff"
"2075","MEDIA COMM SPEC 2","36","Staff"
"2151","NON-PHYS CLIN TRAIN-GENL CAMP","36","Staff"
"3418","USER EXP DESIGNER 3","36","Staff"
"3256","SURVEY RESEARCHER 2","36","Research Staff"
"360","ASSOC SPECIALIST NEX","36","Research"
"303","ASSOC ADJ PROF-FY","36","Non-Senate"
"466","AUDIOLOGIST SR EX","36","Med Center"
"766","CLIN INSTR-VOL","36","Med Center"
"3120","STDT ADVISOR SUPV 2","36","Acad Staff"
"124","ADMIN CARE PARTNER","36",""
"1398","FIN ANL","36",""
"1983","MATERIALS MGT HC SPEC 3","36",""
"2376","PERSONNEL ANL SR","36",""
"2919","REVENUE CYCLE HC SUPV 2","36",""
"1218","ELECTR TCHN SR","35","Staff"
"224","AMBUL CARE PAT SUPV 1","35","Med Center"
"2002","MED CTR COOK PD","35","Med Center"
"2006","MED CTR CUSTODIAN PD","35","Med Center"
"2042","MED INTERPRETER 2","35","Med Center"
"885","COACH SPEC","35","Athletics"
"663","CATH LAB RADLG TCHNO","35",""
"2595","PROGR ANL 3 SUPV","35",""
"3230","STRAT SOURCING PROFL 4","35",""
"586","BUS INTEL SPEC 4","34","Staff"
"647","CARPENTER LOCKSMITH","34","Staff"
"1014","CURRICULUM PLNR 3","34","Staff"
"1305","ETHICS AND CMPLNC PROFL 4","34","Staff"
"1314","EVENTS SPEC 4","34","Staff"
"1501","FUNDRAISING MGR 3","34","Staff"
"1706","INFO SYS ANL 1","34","Staff"
"2035","MED CTR STOREKEEPER AST","34","Med Center"
"3366","TRAINER 2","34","Athletics"
"128","ADMIN MGR 4","34","Admin Staff"
"1894","LIBRARY AST 5","34",""
"1946","MAMMOGRAPHY TCHNO","34",""
"2294","PAT CARE TCHN","34",""
"3211","STIPEND-OTH POST-MD TRAIN","34",""
"3289","SYS INTEGRATION ENGR 4","34",""
"473","AUDIT PROFL 3","33","Staff"
"552","BLANK AST 3 PD","33","Staff"
"869","CMTY HEALTH PRG REPR SR","33","Staff"
"1310","EVENTS SPEC 1","33","Staff"
"1714","INFO SYS MGR 3","33","Staff"
"1827","LAB MECHN SR","33","Research Staff"
"2929","RSCH ADM 1","33","Research Staff"
"732","CLIN CARE PARTNER PD","33","Med Center"
"839","CLIN SPEC SUPV EX","33","Med Center"
"950","CONTINUING EDUCATOR II","33","Acad Staff"
"1744","INTERCOL ATH COACH AST EX","33",""
"1806","K to 14 ACAD PREP SPEC 1","33",""
"1920","LOCKSMITH","33",""
"474","AUDIT PROFL 4","32","Staff"
"954","CONTRACT ADM 3","32","Staff"
"1066","DATABASE ADM 3","32","Staff"
"1695","INDUSTRY ALLNS SPEC 3","32","Staff"
"1763","IP OFCR 4","32","Staff"
"97","ADJ INSTR-HCOMP","32","Non-Senate"
"6","ACAD ACHIEVEMENT CNSLR 4","32","Acad Staff"
"1903","LIBRARY SUPV 1","32","Acad Staff"
"1169","ECHOCARDIOGRAPHIC TCHN SR","32",""
"1469","FOOD SVC HC SUPV 1","32",""
"1795","K TO 12 EDUCATOR 1","32",""
"2791","RECR SUPV SR","32",""
"2807","REG DIETETIC TCHN","32",""
"947","CONTINUING APPT-TEMP AUG","31","Unit 18"
"547","BLANK AST 1 PD","31","Staff"
"559","BLDG MAINT WORKER LD","31","Staff"
"2125","MUSEUM PREPARATOR PRN","31","Staff"
"2603","PROJ SCIENTIST-FY NON REP","31","Research Staff"
"796","CLIN NURSE OR ADV PRACT SPEC 5","31","Med Center"
"1588","HEALTH PROFNS EDUC SPEC 4","31","Med Center"
"2185","NURSE SVC MGR 3","31","Med Center"
"3452","VICE CHAN AST","31","Admin"
"316","ASSOC FLD PROG SUPV","31","Acad Staff"
"58","ACCOUNTANT 4","31",""
"173","ADV OFCR 4","31",""
"1115","DEV ENGR SR","31",""
"1200","EHS SPEC 1 EX","31",""
"1426","FINANCIAL SVC ANL 1","31",""
"1474","FOOD SVC MGR","31",""
"1530","GI ENDOSCOPY TCHN 3","31",""
"1828","LAB PROCESSING SUPV 1","31",""
"2211","OPHTHALMIC TCHN 2","31",""
"2275","PAT ACCESS SVC SUPV 1","31",""
"2285","PAT BILLER 2","31",""
"2421","PHYS PLT MECH SR","31",""
"2647","PUBL ADMSTN ANL PRN SUPV","31",""
"3261","SURVEY WORKER","31",""
"3382","TRANSPLANT CRD 3","31",""
"188","AGRICULTURAL TCHN SR","30","Staff"
"251","ANL 4","30","Staff"
"485","AUTO TCHN","30","Staff"
"2258","PARKING AST","30","Staff"
"403","ASST PROJ SCI-FY NON REP","30","Research"
"720","CLIN APPLICATIONS MGR 1","30","Med Center"
"768","CLIN LAB MGR 1","30","Med Center"
"1324","EXEC ADVISOR MGR 2","30","Admin Staff"
"48","ACCESS REPR","30",""
"990","COURSE AUTHOR-UNEX","30",""
"1147","DIRECTOR I","30",""
"1478","FOOD SVC MGR AST","30",""
"1598","HISTO TCHNO 1","30",""
"2116","MRI TCHNO PD","30",""
"2191","OCCUPATIONAL THER 1 NEX","30",""
"2448","PHYSCN DIPLOMATE SR","30",""
"2617","PROJECT POLICY ANL SUPV 2","30",""
"3288","SYS INTEGRATION ENGR 3","30",""
"3094","STDT 2 ANR","29","Students"
"162","ADMISSIONS RECRMT SUPV 2","29","Staff"
"594","BUS SYS ANL 5","29","Staff"
"1059","DATA SYS MGR 1","29","Staff"
"1264","EMPLOYMENT REPR 4","29","Staff"
"2262","PARKING OPS ENFORCEMENT SUPV 1","29","Staff"
"2348","PAYROLL ANL 3","29","Staff"
"3311","TCHL PROJECT MGT PROFL 2","29","Staff"
"2563","PROF EMERITUS(WOS)","29","Senate"
"1675","HS CLIN INSTR-FY","29","Non-Senate"
"30","ACADEMIC ADMINISTRATOR III","29","Admin"
"34","ACADEMIC ADMINISTRATOR VI","29","Admin"
"1018","CUSTODIAL HC SUPV 1","29",""
"1503","GARDENER GROUNDSKEEPER","29",""
"2138","MUSICIAN PRN","29",""
"2634","PSYCHIATRIC TCHN SR","29",""
"2907","RET CUSTOMER SVC REPR 1","29",""
"2961","RSCH GNT PRG OFCR 4","29",""
"3022","SOCIAL WORK HC SUPV 2","29",""
"1862","LECT SOE-AY-B/E/E","28","Teaching Track"
"11","ACAD HR ANL 1","28","Staff"
"512","BEH HEALTH PSYCHIATRIC SUPV 2","28","Staff"
"1196","EHS MGR 1","28","Staff"
"1213","EHS TCHN PRN","28","Staff"
"2553","PRODUCER DIR","28","Staff"
"2696","QA CHEF 3","28","Staff"
"3517","WRITER SR","28","Staff"
"415","ASST RES-FY-NON REP","28","Research"
"241","ANESTHETIST NURSE SR EX","28","Med Center"
"775","CLIN LAB SCI SPEC PD","28","Med Center"
"2019","MED CTR FOOD SVC WORKER PD","28","Med Center"
"449","ATH PROFL 3","28","Athletics"
"953","CONTRACT ADM 2","28",""
"1481","FOOD SVC MGR SR","28",""
"1796","K TO 12 EDUCATOR 2","28",""
"2104","MGT SVC OFCR 1 SUPV","28",""
"2153","NOTETAKER I - DISABLED STDNTS","28",""
"2192","OCCUPATIONAL THER 1 PD","28",""
"3076","SRA 5","28",""
"3126","STDT AFFAIRS OFCR 3 SUPV","28",""
"3353","TEMPORARY HELP","28",""
"3099","STDT 3 NON UC","27","Students"
"186","AGRICULTURAL TCHN","27","Staff"
"1294","ENTERPRISE RISK MGT ANL 4","27","Staff"
"1366","FAC PROJECT MGT SPEC 5","27","Staff"
"3220","STOREKEEPING SUPV 1","27","Staff"
"395","ASST PROF OF CLIN-SFT-VM","27","Senate"
"346","ASSOC PROJ SCIENTIST-FY-B/E/E","27","Research"
"232","ANESTHESIA TCHN","27","Med Center"
"238","ANESTHETIST NURSE","27","Med Center"
"727","CLIN APPLICATIONS PROFL 3 GF","27","Med Center"
"1323","EXEC ADVISOR MGR 1","27","Admin Staff"
"37","ACADEMIC COORD I-AY","27","Acad Staff"
"952","CONTINUING EDUCATOR III","27","Acad Staff"
"2820","REGISTRAR SPEC 3","27","Acad Staff"
"187","AGRICULTURAL TCHN PRN","27",""
"1187","EEG TCHNO PRN","27",""
"1319","EXAMING PHYSCN","27",""
"2210","OPHTHALMIC TCHN 1","27",""
"2535","PROCTOR","27",""
"2536","PROCTOR SR","27",""
"2670","PUBL EVENTS MGR SR","27",""
"2803","REFRIGERATION MECH","27",""
"2819","REGISTRAR SPEC 2","27",""
"3073","SRA 3 SUPV","27",""
"3269","SVC ENGR","27",""
"3331","TEACHG ASST-NON GSHIP/NON REP","26","Student Instruction"
"972","COOK PRN","26","Staff"
"1410","FINANCIAL AID OFCR 4","26","Staff"
"87","ACT PROF-AY-LAW","26","Senate"
"777","CLIN LAB SCI SPEC SUPV SR EX","26","Med Center"
"1591","HEALTH PROFNS EDUC SUPV 2","26","Med Center"
"2406","PHLEBOTOMIST CERT TCHN 2 PD","26","Med Center"
"385","ASST LIBRARIAN-POTNTL CAREER","26","Acad Staff"
"3113","STDT ACAD SPEC 4","26","Acad Staff"
"54","ACCOUNTANT 1","26",""
"931","COMPUTING RESC MGR 3","26",""
"1155","DISCUSSION GROUP LEADER","26",""
"1601","HISTO TCHNO 3","26",""
"1760","IP OFCR 2","26",""
"1910","LINEN SVC WORKER","26",""
"2109","MGT SVC OFCR 4","26",""
"2373","PERSONNEL ANL PRN","26",""
"2635","PSYCHOLOGIST 1","26",""
"2649","PUBL ADMSTN ANL SR SUPV","26",""
"2765","RECORDS ANL 2","26",""
"2899","RESP CARE SPEC 4","26",""
"2902","RESP THER 1","26",""
"2964","RSDT ADVISOR","26",""
"3087","STATISTICIAN SR","26",""
"3105","STDT ACAD ADVISOR 1","26",""
"3235","STUDENT RESEARCH ASSISTANT III","26",""
"206","ALUMNI EXTERNAL REL SPEC 5","25","Staff"
"275","ARTIST","25","Staff"
"492","BAKER","25","Staff"
"534","BIOINFORMATICS PROGR 1","25","Staff"
"860","CMTY EDUC SUPV 2","25","Staff"
"896","COMM AND NETWORK TCHL ANL 2","25","Staff"
"1214","EHS TCHN SR","25","Staff"
"1432","FINANCIAL SVC MGR 1","25","Staff"
"1767","IRRIGATION MECH","25","Staff"
"2939","RSCH AND DEV ENGR 5","25","Research Staff"
"3035","SPECIALIST NEX","25","Research"
"826","CLIN RSCH MGR 1","25","Med Center"
"1583","HEALTH PROFNS EDUC MGR 1","25","Med Center"
"2178","NURSE PRACT SUPV 2","25","Med Center"
"33","ACADEMIC ADMINISTRATOR V","25","Admin"
"1890","LIBRARY AST 2","25","Acad Staff"
"3117","STDT ADVISOR MGR 1","25","Acad Staff"
"131","ADMIN NURSE 3","25",""
"939","CONST INSP 4","25",""
"1930","LVN SUPV 1","25",""
"2291","PAT CARE DIALYSIS TCHN 2","25",""
"2319","PAT REL PROFL 2","25",""
"2440","PHYS THER AST 2","25",""
"2641","PSYCHOMETRIST","25",""
"3044","SPEECH PATHOLOGIST SR EX","25",""
"153","ADMISSIONS RECRMT MGR 1","24","Staff"
"497","BEH HEALTH CNSLNG MGR 1","24","Staff"
"1121","DEV TCHN 5","24","Staff"
"1197","EHS MGR 2","24","Staff"
"1359","FAC PROJECT MGR 2","24","Staff"
"1596","HIGH VOLT ELECTRN","24","Staff"
"1696","INDUSTRY ALLNS SPEC 4","24","Staff"
"1700","INFECTION PREVENTION CRD 3","24","Staff"
"2122","MUSEUM EDUCATOR 2","24","Staff"
"2488","POLICE LIEUTENANT MGR 1","24","Staff"
"2655","PUBL EDUC SPEC 1","24","Staff"
"2788","RECR SUPV 2","24","Staff"
"3307","TCHL PROJECT MGR 1","24","Staff"
"3352","TELEVISION TCHN SR","24","Staff"
"3522","ZONE MECH","24","Staff"
"2871","RES-FY-B/E/E-NON REP","24","Research Staff"
"2934","RSCH ADM 5","24","Research Staff"
"2021","MED CTR FOOD SVC WORKER PRN PD","24","Med Center"
"2404","PHLEBOTOMIST CERT 1 PD","24","Med Center"
"448","ATH PROFL 2 BYA","24","Athletics"
"460","ATH TRAINER PD","24","Athletics"
"1737","INSTRUCTIONAL DESIGNER 4","24","Acad Staff"
"1904","LIBRARY SUPV 2","24","Acad Staff"
"311","ASSOC COOP EXT ADVISOR","24",""
"1038","CUSTOMER SVC REPR 3","24",""
"1413","FINANCIAL ANL 1","24",""
"1906","LIFT TEAM TCHN 2","24",""
"2300","PAT ESCORT PD","24",""
"2430","PHYS THER 2 EX","24",""
"2848","REHAB SVC SUPV 2","24",""
"3083","STATISTICIAN","24",""
"3203","STERILE PROCESSING TCHN 2 PD","24",""
"259","APPLICATIONS PROGM MGR 2","23","Staff"
"1009","CURATOR 4","23","Staff"
"1349","FAC MGR 2","23","Staff"
"1659","HR MGR 1","23","Staff"
"3397","TRUCK DRIVER","23","Staff"
"1391","FIELD RESEARCHER 4","23","Research Staff"
"2604","PROJ SCIENTIST-FY-B/E/E","23","Research"
"1590","HEALTH PROFNS EDUC SUPV 1","23","Med Center"
"2041","MED INTERPRETER 1","23","Med Center"
"3451","VICE CHAN ASC","23","Admin"
"1084","DECISION SUPP SPEC 3","23",""
"1112","DEV ENGR AST","23",""
"1159","DOSIMETRIST SR","23",""
"2196","OCCUPATIONAL THER 2 PD","23",""
"2335","PAT SUPP SVC SUPV 1","23",""
"2675","PUBL INFO REPR SR","23",""
"2912","REVENUE CYCLE HC ANL 4","23",""
"3045","SPEECH PATHOLOGIST SR NEX","23",""
"3201","STERILE PROCESSING TCHN 1 PD","23",""
"65","ACCOUNTING MGR 1","22","Staff"
"581","BUS DEV HC PROFL 4","22","Staff"
"584","BUS INTEL SPEC 2","22","Staff"
"963","CONTRACTS AND GRANTS SUPV 1","22","Staff"
"971","COOK PD","22","Staff"
"1170","EDITOR","22","Staff"
"1306","ETHICS AND CMPLNC PROFL 5","22","Staff"
"1476","FOOD SVC MGR 2","22","Staff"
"1571","HEALTH EDUCATOR 4","22","Staff"
"1848","LANDSCAPE GROUNDS SUPV 1","22","Staff"
"2077","MEDIA COMM SPEC 4","22","Staff"
"2700","QA RELEASE MGT ANL 4","22","Staff"
"2572","PROF OF CLIN-SFT-VM","22","Senate"
"341","ASSOC PROJ SCI-FY NON REP","22","Research Staff"
"2762","RECALL TEACHING NON-SENATE","22","Non-Senate"
"216","AMBUL CARE ADMSTN MGR 3","22","Med Center"
"812","CLIN REGIS ANL 2","22","Med Center"
"1325","EXEC ADVISOR MGR 3","22","Admin Staff"
"1652","HR AST 3","22","Admin Staff"
"1007","CTRL UTILITY PLT OPR","22",""
"1628","HOSP LAB TCHN 2 PD","22",""
"2139","MUSICIAN SR","22",""
"2290","PAT CARE DIALYSIS TCHN 1","22",""
"2623","PROSPECT RSCH SPEC 3","22",""
"611","BUYER 4","21","Staff"
"1216","ELECTR TCHN","21","Staff"
"1232","ELEVATOR MECH","21","Staff"
"2135","MUSICIAN 2","21","Staff"
"2266","PARKING REPR LD","21","Staff"
"340","ASSOC PROF-SFT-VM","21","Senate"
"2579","PROF-FY-B/E/E","21","Senate"
"411","ASST RES-FY NEX","21","Research"
"3474","VIS RES","21","Research"
"626","CARDIOVASCULAR TCHN","21","Med Center"
"721","CLIN APPLICATIONS MGR 2","21","Med Center"
"1996","MED AST PD","21","Med Center"
"142","ADMIN STIPEND","21","Admin"
"3453","VICE PROVOST","21","Admin"
"170","ADV OFCR 1","21",""
"1113","DEV ENGR JR","21",""
"1114","DEV ENGR PRN","21",""
"1400","FIN ANL PRN 1","21",""
"2666","PUBL EVENTS MGR","21",""
"2830","REGL AND CMPLNC HC SPEC 4","21",""
"3157","STDT INTERN PD","21",""
"3380","TRANSPLANT CRD 1","21",""
"3486","VOC NURSE SR SUPV","21",""
"250","ANL 3","20","Staff"
"916","COMPENSATION ANL 4","20","Staff"
"1208","EHS SPEC 5","20","Staff"
"1963","MARKETING MGR 1","20","Staff"
"2354","PAYROLL SUPV 2","20","Staff"
"2455","PHYSCN SHS 5 LIMITED HOURS","20","Staff"
"3000","SHEETMETAL WORKER","20","Staff"
"3240","STY ENGR","20","Staff"
"402","ASST PROF-SFT-VM","20","Senate"
"3463","VIS ASST PROJ SCIENTIST NEX","20","Research Staff"
"353","ASSOC RES-FY-NON REP","20","Research"
"107","ADJ. PROF","20","Non-Senate"
"373","ASST ADJ PROF-AY-B/E/E","20","Non-Senate"
"807","CLIN PROF-VOL","20","Non-Senate"
"729","CLIN APPLICATIONS PROFL 5","20","Med Center"
"736","CLIN DOC SPEC 3","20","Med Center"
"2036","MED CTR STOREKEEPER LD","20","Med Center"
"2053","MED OFC SVC CRD 2 PD","20","Med Center"
"2066","MED STF SVC SPEC 2","20","Med Center"
"2388","PHARMACIST SR SUPV","20","Med Center"
"40","ACADEMIC COORD II-AY","20","Acad Staff"
"1842","LABORER LD","20",""
"2194","OCCUPATIONAL THER 2 EX","20",""
"2198","OCCUPATIONAL THER 3 NEX","20",""
"2303","PAT NAVGTR CLIN 4","20",""
"2320","PAT REL PROFL 3","20",""
"2640","PSYCHOLOGIST 3","20",""
"3043","SPEECH PATHOLOGIST PD","20",""
"1867","LECT-AY-1/10-CONTINUING","19","Unit 18"
"604","BUS TCHL SUPP SUPV 1","19","Staff"
"913","COMM SUPV 2","19","Staff"
"1120","DEV TCHN 4","19","Staff"
"1292","ENTERPRISE RISK MGT ANL 2","19","Staff"
"1702","INFECTION PREVENTION CRD 4","19","Staff"
"1728","INSTITUTIONAL RSCH ANL 5","19","Staff"
"2121","MUSEUM EDUCATOR 1","19","Staff"
"3011","SKLD CRAFTS TRADES MGR 1","19","Staff"
"3280","SYS ADM 5","19","Staff"
"351","ASSOC RES-FY-B/E/E","19","Research"
"3461","VIS ASST PROF-HCOMP","19","Non-Senate"
"2003","MED CTR COOK SR","19","Med Center"
"1030","CUSTODIAN PRN SUPV","19",""
"1089","DEMO TEACHER","19",""
"1881","LEGAL SVC ADVISOR 2","19",""
"1985","MATERIALS MGT HC SUPV 1","19",""
"2203","OILER OPR 2","19",""
"2424","PHYS PLT SUPT","19",""
"2492","POLICE SERGEANT","19",""
"2560","PRODUCT DEV PROFL 3","19",""
"2725","RADLG AST 1","19",""
"2943","RSCH CMPLNC ANL 1","19",""
"3129","STDT AFFAIRS OFCR 5","19",""
"1460","FLD WK SUPV-FY","18","Unit 18"
"0","ABLE SEAMAN 2","18","Staff"
"16","ACAD HR MGR 1","18","Staff"
"541","BIOMED EQUIP TCHN 1","18","Staff"
"961","CONTRACTS AND GRANTS MGR 2","18","Staff"
"1711","INFO SYS ANL 5","18","Staff"
"1390","FIELD RESEARCHER 3","18","Research Staff"
"359","ASSOC SPECIALIST COOP EXT","18","Research"
"2602","PROJ SCIENTIST-FY NEX","18","Research"
"310","ASSOC CLIN PROF-VOL","18","Non-Senate"
"235","ANESTHESIA TCHN 3","18","Med Center"
"19","ACAD HR SUPV 2","18","Acad Staff"
"1886","LIBRARIAN-POTNTL CAREER STATUS","18","Acad Staff"
"3141","STDT DISABILITY SPEC 3","18","Acad Staff"
"3142","STDT DISABILITY SPEC 4","18","Acad Staff"
"707","CHILD LIFE SPEC 2 NEX","18",""
"995","CT TCHNO PD","18",""
"1000","CTRL STERILE SUPV 1","18",""
"1029","CUSTODIAN PD","18",""
"1045","CYTO TCHNO SR","18",""
"1097","DENTIST SR","18",""
"1126","DIETITIAN 1 EX","18",""
"1173","EDITOR SR","18",""
"1188","EEG TCHNO SR","18",""
"1377","FACULTY CONSULTANT","18",""
"1648","HOUSE SHIFT ADMIN 5 NEX","18",""
"1975","MASON","18",""
"2276","PAT ACCESS SVC SUPV 2","18",""
"2375","PERSONNEL ANL PRN 2","18",""
"2445","PHYSCN AST PD","18",""
"2453","PHYSCN NETWORK DEV SPEC 4","18",""
"2753","REAL ESTATE OFCR 3","18",""
"2889","RESID PHYS/SUBSPEC 4-8/REP-OV","18",""
"2914","REVENUE CYCLE HC MGR 1","18",""
"2987","SCRTY SUPV 1 HC","18",""
"3075","SRA 4 SUPV","18",""
"3136","STDT CLIN","18",""
"3229","STRAT SOURCING PROFL 3","18",""
"3250","SUPV TEACHER ED-AY-CONTINUING","18",""
"1874","LECTURER","17","Unit 18"
"3062","SR LECT SOE-AY-LAW","17","Teaching Track"
"15","ACAD HR ANL 5","17","Staff"
"178","ADVOCATE 3","17","Staff"
"510","BEH HEALTH PSYCHIATRIC PROFL 4","17","Staff"
"1028","CUSTODIAN LEADER SR","17","Staff"
"1258","EMPLOYMENT MGR 1","17","Staff"
"1293","ENTERPRISE RISK MGT ANL 3","17","Staff"
"1318","EVENTS SUPV 2","17","Staff"
"1412","FINANCIAL AID SUPV 2","17","Staff"
"1421","FINANCIAL ANL MGR 3","17","Staff"
"1725","INSTITUTIONAL RSCH ANL 2","17","Staff"
"2980","SCENE TCHN SR PD","17","Staff"
"3281","SYS ADMSTN MGR 1","17","Staff"
"3315","TCHL PROJECT MGT PROFL 5","17","Staff"
"3516","WRITER EDITOR 4 GF","17","Staff"
"400","ASST PROF-FY","17","Senate"
"192","AGRON AES","17","Research"
"345","ASSOC PROJ SCIENTIST-FY NEX","17","Research"
"3459","VIS ASSOC RES","17","Research"
"838","CLIN SPEC NEX","17","Med Center"
"2005","MED CTR CUSTODIAN LD","17","Med Center"
"2043","MED INTERPRETER PD","17","Med Center"
"2057","MED OFC SVC CRD LD 3","17","Med Center"
"2189","NURSERY TCHN","17","Med Center"
"28","ACADEMIC ADMINISTRATOR II","17","Admin"
"3115","STDT ACAD SUPV 2","17","Acad Staff"
"92","ACUPUNCTURIST 3","17",""
"616","CAMP CNSLR L3","17",""
"1006","CTRL SVC TCHN LD 3","17",""
"1253","EMPLOYEE REL REPR 3","17",""
"1417","FINANCIAL ANL 4 GF","17",""
"1658","HR GENERALIST 5","17",""
"1687","HVY DUTY EQUIP TCHN","17",""
"2085","MENTAL HEALTH PRACT SR","17",""
"2330","PAT SUPP AST PD","17",""
"2710","QLTY IMPV HC SPEC 2","17",""
"2730","RADLG SVC MGR 1","17",""
"2829","REGL AND CMPLNC HC SPEC 3","17",""
"2904","RESP THER 3","17",""
"2983","SCRTY GUARD SR SUPV","17",""
"3050","SPIRITUAL CARE HC SPEC 2","17",""
"1560","GSR-TUIT & FEE REM-UCSD-GRP G","16","Student Reasearch"
"3402","TUT-NON GSHIP/NON REP","16","Student Instruction"
"182","AEROSPACE ENGR 3","16","Staff"
"197","ALUMNI EXTERNAL REL MGR 1","16","Staff"
"482","AUTO EQUIP OPR","16","Staff"
"499","BEH HEALTH CNSLNG SUPV 2","16","Staff"
"518","BENEFITS ANL 4","16","Staff"
"642","CAREER SVC SUPV 2","16","Staff"
"2190","NURSERY TCHN SR","16","Staff"
"2222","OPTICIAN","16","Staff"
"2397","PHARMACY TCHN 1 PD","16","Staff"
"3350","TELEVISION TCHN","16","Staff"
"3375","TRANSIT SVC SUPV 1","16","Staff"
"2567","PROF IN RES-FY","16","Senate"
"2965","RSDT ADVISOR 2","16","Research Staff"
"811","CLIN PROFL SVC MGR 4","16","Med Center"
"2028","MED CTR PARKING AST","16","Med Center"
"31","ACADEMIC ADMINISTRATOR IV","16","Admin"
"66","ACCOUNTING MGR 2","16",""
"1048","CYTOGENETIC TCHNO 2","16",""
"1073","DEAF TRANSLATOR INTERPRETER","16",""
"1090","DEMO TEACHER-CONTINUING","16",""
"1172","EDITOR PRN","16",""
"1224","ELECTRN LD","16",""
"1480","FOOD SVC MGR PRN","16",""
"1518","GENETIC CNSLR 2 NEX","16",""
"1745","INTERCOL ATH HEAD COACH EX","16",""
"2086","MENTAL HEALTH THER 1","16",""
"2129","MUSEUM SCI PRN","16",""
"2148","NON EVALUATED MSP","16",""
"2197","OCCUPATIONAL THER 3 EX","16",""
"2225","OPTOMETRIST EX","16",""
"2239","ORTHOPEDIC TCHN SR","16",""
"2308","PAT NAVGTR NON-CLIN 4","16",""
"2370","PERINATAL TCHN 2","16",""
"2511","PRACTICE CRD 1","16",""
"2523","PRG REPR SUPV","16",""
"2548","PROD CNTRL ANL 2","16",""
"2739","RADLG TCHNO PRN PD","16",""
"2908","RET CUSTOMER SVC REPR 2","16",""
"3039","SPEECH PATHOLOGIST 2","16",""
"3159","STDT INTRA SPORTS WKSTY","16",""
"3209","STF PHYSCN","16",""
"3415","UNCLASSIFIED SR MGR CT","16",""
"3061","SR LECT SOE-AY-B/E/E","15","Teaching Track"
"3095","STDT 2 NON UC","15","Students"
"1542","GRADUATE RESEARCH FELLOW","15","Student Reasearch"
"472","AUDIT PROFL 2","15","Staff"
"504","BEH HEALTH PSYCHIATRIC MGR 1","15","Staff"
"531","BENEFITS SUPV 2","15","Staff"
"1211","EHS SUPV 2","15","Staff"
"1502","FUNDRAISING MGR 4","15","Staff"
"2136","MUSICIAN 3","15","Staff"
"2846","REHAB SVC SPEC 4","15","Staff"
"3355","THEATER PROD SPEC 2","15","Staff"
"3419","USER EXP DESIGNER 4","15","Staff"
"1595","HEALTH TCHN 4 NEX","15","Med Center"
"2408","PHLEBOTOMIST PD","15","Med Center"
"362","ASSOC UNIV LIBRARIAN","15","Acad Staff"
"3165","STDT LIFE DEV MGR 2","15","Acad Staff"
"130","ADMIN NURSE 2 NEX","15",""
"190","AGRICULTURE SUPV 1","15",""
"905","COMM AND NETWORK TCHL SUPV 2","15",""
"907","COMM MGR 2","15",""
"912","COMM SPEC 5","15",""
"942","CONST INSP SR","15",""
"1635","HOSP MED TRANSCRIBER SR","15",""
"1811","K to 14 ACAD PREP SUPV 2","15",""
"2080","MEETING ROOM CAPTAIN 2","15",""
"2692","PULMONARY TCHN 1","15",""
"2723","RAD THER TCHNO PD","15",""
"2742","RADLG TCHNO SR PD","15",""
"2780","RECR PRG LEADER 2","15",""
"2893","RESIDENTIAL SVC MECH","15",""
"3041","SPEECH PATHOLOGIST EX","15",""
"489","AV IT ENGR 3","14","Staff"
"515","BENEFITS ANL 1","14","Staff"
"545","BLANK APPR","14","Staff"
"568","BROADCAST COMM SPEC 3","14","Staff"
"697","CHILD DEV CTR TEACHER 1 PD","14","Staff"
"901","COMM AND NETWORK TCHL MGR 1","14","Staff"
"1136","DIGITAL COMM MGR 1","14","Staff"
"1165","EARLY CHILDHOOD EDUC SUPV 2","14","Staff"
"1433","FINANCIAL SVC MGR 2","14","Staff"
"1441","FIRE AND SCRTY SYS TCHN","14","Staff"
"1539","GOVT REL SPEC 5","14","Staff"
"1661","HR MGR 3","14","Staff"
"1803","K to 14 ACAD PREP MGR 1","14","Staff"
"1849","LANDSCAPE GROUNDS SUPV 2","14","Staff"
"1973","MARKETING SUPV 2","14","Staff"
"2480","PLUMBER PIPEFITTER","14","Staff"
"2542","PROCUREMENT MGR 1","14","Staff"
"2661","PUBL EDUC SUPV 2","14","Staff"
"2774","RECR MGR 1","14","Staff"
"2986","SCRTY SUPV 1","14","Staff"
"3316","TCHL PROJECT SUPV 2","14","Staff"
"3417","USER EXP DESIGNER 2","14","Staff"
"397","ASST PROF-AY-1/9","14","Senate"
"2564","PROF IN RES-AY","14","Senate"
"1822","LAB INSTRUCTION SUPV 1","14","Research Staff"
"1823","LAB INSTRUCTION SUPV 2","14","Research Staff"
"2947","RSCH CMPLNC ANL 5","14","Research Staff"
"3262","SURVEY WORKER SR","14","Research Staff"
"371","ASST ADJ PROF-AY-1/9","14","Non-Senate"
"239","ANESTHETIST NURSE PD","14","Med Center"
"628","CARE HOSP SUPV 1","14","Med Center"
"753","CLIN IMG IT SPEC 3","14","Med Center"
"1991","MED AST 1 PD","14","Med Center"
"455","ATH TRAINER","14","Athletics"
"120","ADMIN AST 2","14","Admin Staff"
"3109","STDT ACAD MGR 1","14","Acad Staff"
"3153","STDT HEALTH PHYSCN 4 PD","14","Acad Staff"
"276","ARTIST PRN","14",""
"997","CTRL HEAT COOLING PLT OPR","14",""
"1043","CYTO TCHNO","14",""
"1118","DEV TCHN 2","14",""
"1163","DRIVER","14",""
"1243","EMERGENCY MED TCHN SR","14",""
"1608","HOME HEALTH NURSE 2","14",""
"1638","HOSP RAD PHYSICIST EX","14",""
"1653","HR GENERALIST 1","14",""
"1682","HVAC CNTRL TCHN","14",""
"1785","IT SCRTY ANL 5","14",""
"1882","LEOP/LWR TUTOR","14",""
"1956","MARINE MECHN SR","14",""
"2115","MRI TCHNO LD","14",""
"2270","PARKING SUPV SR","14",""
"2295","PAT CARE TCHN PD","14",""
"2301","PAT ESCORT SR","14",""
"2584","PROFL ENGR 3","14",""
"2611","PROJECT POLICY ANL 4 GF","14",""
"3024","SOCIAL WORKER 1","14",""
"3205","STERILE PROCESSING TCHN 4","14",""
"3216","STOREKEEPER PD","14",""
"3275","SYS ADM 1","14",""
"3346","TELEMETRY TCHN PD","14",""
"3358","THEATER PROD SUPV","14",""
"3404","UCDC EDUCATOR - AY","14",""
"582","BUS DEV HC PROFL 5","13","Staff"
"596","BUS SYS ANL MGR 2","13","Staff"
"900","COMM AND NETWORK TCHL ANL 5","13","Staff"
"1053","DATA SYS ANL 1","13","Staff"
"1058","DATA SYS ANL 5","13","Staff"
"1063","DATA SYS SUPV 2","13","Staff"
"1181","EDUC TCHL SPEC 4","13","Staff"
"1332","EXEC CHEF 4","13","Staff"
"1405","FINANCIAL AID MGR 1","13","Staff"
"1568","HEALTH EDUCATOR 1","13","Staff"
"2470","PLNG SPEC 5","13","Staff"
"2977","SCENE TCHN PD","13","Staff"
"3026","SOUND TCHN","13","Staff"
"3356","THEATER PROD SPEC 3","13","Staff"
"3506","WATER AND WASTEWATER OPR","13","Staff"
"2940","RSCH AND DEV ENGR MGR 1","13","Research Staff"
"2869","RES-FY-B/E/E","13","Research"
"230","ANES OR CLIN SUPP SUPV 1","13","Med Center"
"237","ANESTHESIA TCHN PD","13","Med Center"
"749","CLIN ENGR SUPV 2","13","Med Center"
"788","CLIN NURSE 5","13","Med Center"
"282","ASC HEAD COACH CRD 4","13","Athletics"
"1889","LIBRARY AST 1","13","Acad Staff"
"3140","STDT DISABILITY SPEC 2","13","Acad Staff"
"191","AGRICULTURE SUPV 2","13",""
"661","CASE MGT HC SUPV 2","13",""
"704","CHILD LIFE SPEC 1 NEX","13",""
"943","CONST PROJECT MGR","13",""
"1185","EEG TCHNO","13",""
"1566","HEALTH EDUC SUPV 1","13",""
"2157","NTRTN AND DIETARY HC SUPV 2","13",""
"2278","PAT BILL AND COLL MGR 1","13",""
"2441","PHYS THER AST 3","13",""
"2517","PRG PROMOTION MGR 2","13",""
"2528","PRIVACY AND CMPLNC HC PROFL 3","13",""
"2673","PUBL INFO REPR","13",""
"2755","REAL ESTATE OFCR 4","13",""
"2840","REHAB AID 2","13",""
"2915","REVENUE CYCLE HC MGR 2","13",""
"3015","SKLD TRADES MECH","13",""
"3046","SPEECH PATHOLOGIST SR PD","13",""
"3051","SPIRITUAL CARE HC SPEC 3","13",""
"3243","SUBSTITUTE TEACHER","13",""
"3267","SUSTAIN OFCR 3","13",""
"3407","ULTRASOUND TCHNO LD","13",""
"3098","STDT 3 ANR","12","Students"
"67","ACCOUNTING MGR 3","12","Staff"
"183","AEROSPACE ENGR 4","12","Staff"
"509","BEH HEALTH PSYCHIATRIC PROFL 3","12","Staff"
"601","BUS TCHL SUPP MGR 1","12","Staff"
"870","CMTY HEALTH PRG REPR SR PD","12","Staff"
"880","CNSLNG PSYCHOLOGIST 4","12","Staff"
"1020","CUSTODIAL MGR 1","12","Staff"
"1119","DEV TCHN 3","12","Staff"
"1697","INDUSTRY ALLNS SPEC 5","12","Staff"
"2097","MGN COUNSEL 3","12","Staff"
"3282","SYS ADMSTN MGR 2","12","Staff"
"387","ASST PROF IN RES-AY","12","Senate"
"2570","PROF OF CLIN-FY","12","Senate"
"1392","FIELD RSCH MGR 1","12","Research Staff"
"3472","VIS PROJ SCIENTIST","12","Research"
"765","CLIN INFORMATICS SUPV 2","12","Med Center"
"2067","MED STF SVC SPEC 3","12","Med Center"
"1320","EXEC ADVISOR 3","12","Admin Staff"
"386","ASST LIBRARIAN-TEMP STATUS","12","Acad Staff"
"1735","INSTRUCTIONAL DESIGNER 2","12","Acad Staff"
"2821","REGISTRAR SPEC 4","12","Acad Staff"
"132","ADMIN NURSE 4","12",""
"705","CHILD LIFE SPEC 1 PD","12",""
"994","CT TCHNO LD","12",""
"1145","DIR EXEC","12",""
"1158","DOSIMETRIST","12",""
"1209","EHS SPEC PRN","12",""
"1358","FAC PROJECT MGR 1","12",""
"1634","HOSP MED TRANSCRIBER","12",""
"1748","INTERN-VET MED/NON REP","12",""
"1758","IP MGR 2","12",""
"1789","IT SCRTY SUPV 2","12",""
"2101","MGR AST","12",""
"2219","OPS ROOM EQUIP SPEC 2","12",""
"2268","PARKING SUPV","12",""
"2529","PRIVACY AND CMPLNC HC PROFL 4","12",""
"2599","PROGR ANL 5 SUPV","12",""
"2782","RECR PRG LEADER 3","12",""
"2858","REMD TUT I-GSHIP","12",""
"2895","RESP CARE MGR 1","12",""
"2970","SALES SPEC 3","12",""
"3016","SKYROOM ASSISTANT","12",""
"3268","SUSTAIN OFCR 4","12",""
"3395","TREE TRIM","12",""
"1541","GRADUATE FELLOW","11","Student Reasearch"
"179","ADVOCATE 4","11","Staff"
"490","AV IT ENGR 4","11","Staff"
"539","BIOINFORMATICS PROGR 5","11","Staff"
"588","BUS INTEL SUPV 2","11","Staff"
"804","CLIN OPS SHS SUPV 1","11","Staff"
"956","CONTRACT ADM 5","11","Staff"
"1039","CUSTOMER SVC SUPV 1","11","Staff"
"1716","INFO SYS SUPV 1","11","Staff"
"2417","PHYS PLT LABORER GARDENER LD","11","Staff"
"2456","PHYSCN SHS MGR 1","11","Staff"
"2687","PUBLICATIONS PROD SPEC 4","11","Staff"
"2927","ROOFER","11","Staff"
"3357","THEATER PROD SPEC 4","11","Staff"
"3503","WARDROBE TCHN","11","Staff"
"3512","WRITER","11","Staff"
"3513","WRITER AST","11","Staff"
"333","ASSOC PROF OF CLIN-SFT-VM","11","Senate"
"398","ASST PROF-AY-1/9-B/E/E","11","Senate"
"350","ASSOC RES-FY NEX","11","Research"
"2868","RES-FY NEX","11","Research"
"79","ACT ASST PROF-AY","11","Non-Senate"
"725","CLIN APPLICATIONS PROFL 2","11","Med Center"
"759","CLIN INFORMATICS MGR 2","11","Med Center"
"2046","MED LAB TCHN","11","Med Center"
"2051","MED OFC SVC CRD 1 PD","11","Med Center"
"2401","PHARMACY TCHN 3 PD","11","Med Center"
"1075","DEAN ASC","11","Admin Staff"
"1838","LABOR REL REPR 3","11","Admin Staff"
"367","ASSOCIATE DIRECTOR (PROF)","11","Admin"
"674","CHAN","11","Admin"
"39","ACADEMIC COORD I-FY NEX","11","Acad Staff"
"651","CART CAPTIONIST","11","Acad Staff"
"3151","STDT HEALTH PHYSCN 3 PD","11","Acad Staff"
"3189","STDT SVC MGR 2","11","Acad Staff"
"174","ADV OFCR 5","11",""
"694","CHILD DEV CTR CRD","11",""
"1079","DECISION SUPP MGR 1","11",""
"1148","DIRECTOR II","11",""
"1201","EHS SPEC 1 NEX","11",""
"1347","FAC MECH LD","11",""
"1382","FARM MACH MECH SR","11",""
"1423","FINANCIAL ANL SUPV 1","11",""
"1471","FOOD SVC MECH","11",""
"1600","HISTO TCHNO 2 PD","11",""
"1609","HOME HEALTH NURSE 3","11",""
"1660","HR MGR 2","11",""
"1878","LEGAL SUPP SPEC 3","11",""
"1907","LIFT TEAM TCHN 2 PD","11",""
"2227","OPTOMETRY SUPV 1","11",""
"2337","PAT TRANSPORT SUPV 1","11",""
"2341","PAT TRANSPORT TCHN LD 3","11",""
"2362","PERFUSIONIST NEX","11",""
"2420","PHYS PLT MECH AST SUPV","11",""
"2549","PROD CNTRL ANL 3","11",""
"2698","QA RELEASE MGT ANL 2","11",""
"2738","RADLG TCHNO PRN LD","11",""
"2789","RECR SUPV AST","11",""
"2851","REIMB HC ANL 3","11",""
"2975","SCENE TCHN AST","11",""
"3013","SKLD CRAFTS TRADES SUPV 1","11",""
"3244","SULLIVAN PROFESSOR OF LAW","11",""
"3485","VOC NURSE SR PD","11",""
"1456","FLD WK CONSULT-AY","10","Unit 18"
"3183","STDT RSDNC HALLS LD BYA","10","Students"
"70","ACCOUNTING SUPV 2","10","Staff"
"154","ADMISSIONS RECRMT MGR 2","10","Staff"
"181","AEROSPACE ENGR 2","10","Staff"
"184","AEROSPACE MGR 2","10","Staff"
"199","ALUMNI EXTERNAL REL MGR 3","10","Staff"
"208","ALUMNI EXTERNAL REL SUPV 2","10","Staff"
"495","BAKER SR","10","Staff"
"577","BUS DEV HC MGR 2","10","Staff"
"862","CMTY HEALTH OUTR PROFL 3","10","Staff"
"871","CMTY HEALTH PRG SUPV","10","Staff"
"1069","DATABASE ADM 5","10","Staff"
"1715","INFO SYS MGR 4","10","Staff"
"1786","IT SCRTY MGR 1","10","Staff"
"1966","MARKETING SPEC 1","10","Staff"
"2467","PLNG SPEC 2","10","Staff"
"2614","PROJECT POLICY ANL MGR 2","10","Staff"
"2682","PUBLICATIONS PROD MGR 1","10","Staff"
"3416","UNIV LIBRARIAN","10","Senate"
"1824","LAB MECHN","10","Research Staff"
"352","ASSOC RES-FY-B/E/E-NON REP","10","Research"
"2874","RES-LR SCL-AY-1/9","10","Research"
"100","ADJ PROF-AY-1/9","10","Non-Senate"
"1666","HS ASSOC CLIN PROF-AY","10","Non-Senate"
"211","AMBUL CARE ADMSTN CRD 4","10","Med Center"
"755","CLIN IMG IT SPEC 4","10","Med Center"
"2018","MED CTR FOOD SVC WORKER LD","10","Med Center"
"2181","NURSE STF CRD","10","Med Center"
"2394","PHARMACY SUPV 1","10","Med Center"
"451","ATH PROFL 4","10","Athletics"
"1837","LABOR REL REPR 2","10","Admin Staff"
"1840","LABOR REL REPR 5","10","Admin Staff"
"313","ASSOC DEAN","10","Admin"
"680","CHF CAMPUS COUNSEL","10","Admin"
"1335","EXEC VC AND PROVOST","10","Admin"
"3435","VC RSCH","10","Admin"
"2816","REGISTRAR MGR 1","10","Acad Staff"
"3155","STDT HEALTH PHYSCN 5 PD","10","Acad Staff"
"167","ADMITTING WORKER PRN PD","10",""
"658","CASE MGT HC MGR 1","10",""
"668","CENTER ASSOCIATE","10",""
"921","COMPUTER EXAM SPECIALIST","10",""
"1019","CUSTODIAL HC SUPV 2","10",""
"1025","CUSTODIAN AST SUPV","10",""
"1141","DIGITAL COMM SUPV 2","10",""
"1206","EHS SPEC 3 SUPV","10",""
"1212","EHS TCHN","10",""
"1272","ENERGY MGT ANL 3","10",""
"1303","ETHICS AND CMPLNC PROFL 2","10",""
"1399","FIN ANL AST","10",""
"1509","GEN ACCOUNTANT 5","10",""
"1517","GENETIC CNSLR 2 EX","10",""
"1523","GEOGRAPHIC INFO SYS PROGR 3","10",""
"1843","LABORER SR LD","10",""
"1944","MAINT MECH LD","10",""
"1952","MARINE COOK 2","10",""
"1986","MATERIALS MGT HC SUPV 2","10",""
"2246","PAINTER LD","10",""
"2367","PERFUSIONIST SR NEX","10",""
"2504","POPULATION HEALTH SPEC 4","10",""
"2586","PROFL ENGR 4","10",""
"2593","PROGR ANL 2 SUPV","10",""
"2652","PUBL CRD PRN","10",""
"2653","PUBL CRD SR","10",""
"2842","REHAB SVC MGR 1","10",""
"2863","REPROGRAPHICS TCHN LD","10",""
"2864","REPROGRAPHICS TCHN PRN","10",""
"3042","SPEECH PATHOLOGIST NEX","10",""
"3085","STATISTICIAN PRN","10",""
"3215","STOREKEEPER LD","10",""
"3378","TRANSLATOR PD","10",""
"3468","VIS JR SPECIALIST NEX","10",""
"3487","VOC REHAB SPEC 2","10",""
"3102","STDT 4 ANR","9","Students"
"475","AUDIT PROFL 5","9","Staff"
"493","BAKER AST","9","Staff"
"503","BEH HEALTH COUNSELOR 4","9","Staff"
"520","BENEFITS MGR 1","9","Staff"
"610","BUYER 3","9","Staff"
"847","CMPTL AND DATA SCI RSCH MGR 2","9","Staff"
"858","CMTY EDUC SPEC 4","9","Staff"
"917","COMPENSATION ANL 5","9","Staff"
"1010","CURATORIAL MGR 1","9","Staff"
"1065","DATABASE ADM 2","9","Staff"
"1183","EDUC TCHL SUPV 2","9","Staff"
"1295","ENTERPRISE RISK MGT ANL 5","9","Staff"
"1350","FAC MGR 3","9","Staff"
"1361","FAC PROJECT MGR 4","9","Staff"
"1406","FINANCIAL AID MGR 2","9","Staff"
"2207","OMBUDSPERSON 4","9","Staff"
"2491","POLICE OFCR 1","9","Staff"
"2541","PROCUREMENT ANL 5","9","Staff"
"2547","PROCUREMENT SUPV 2","9","Staff"
"2767","RECORDS ANL 3","9","Staff"
"2978","SCENE TCHN PRN","9","Staff"
"2942","RSCH AND DEV ENGR SUPV 2","9","Research Staff"
"101","ADJ PROF-AY-1/9-B/E/E","9","Non-Senate"
"464","AUDIOLOGIST EX","9","Med Center"
"718","CLIN APPL TRAINER 3","9","Med Center"
"741","CLIN ENGR 3","9","Med Center"
"1999","MED CTR BLDG MAINT WORKER SR","9","Med Center"
"2033","MED CTR SCRTY OFCR SR SUPV","9","Med Center"
"2039","MED CTR STORES WORKER","9","Med Center"
"2062","MED RCDS TCHN AST","9","Med Center"
"2162","NUC MED TCHNO PRN","9","Med Center"
"437","ATH MGR 1","9","Athletics"
"447","ATH PROFL 2","9","Athletics"
"3436","VC STDT AFFAIRS","9","Admin"
"7","ACAD ACHIEVEMENT CNSLR 5","9","Acad Staff"
"1898","LIBRARY MGR 1","9","Acad Staff"
"3166","STDT LIFE DEV MGR 3","9","Acad Staff"
"646","CARPENTER LD","9",""
"656","CASE MGR SOCIAL WORKER","9",""
"703","CHILD LIFE SPEC 1 EX","9",""
"987","COUNSEL 3","9",""
"1040","CUSTOMER SVC SUPV 2","9",""
"1047","CYTOGENETIC TCHNO 1","9",""
"1080","DECISION SUPP MGR 2","9",""
"1094","DENTIST ASC","9",""
"1131","DIETITIAN HC SPEC 4","9",""
"1630","HOSP LAB TCHN 3 PD","9",""
"1663","HR SUPV 1","9",""
"1769","IRRIGATION SPEC","9",""
"1829","LAB PROCESSING SUPV 2","9",""
"1929","LRNG SKLS CNSLR PRN","9",""
"1943","MAINT MECH 2","9",""
"1949","MANAGER","9",""
"2094","MGD CARE SPEC 4","9",""
"2098","MGN PRODUCER DIR","9",""
"2141","NEURO TCHNO","9",""
"2332","PAT SUPP CALL CTR SUPV 1","9",""
"2353","PAYROLL SUPV 1","9",""
"2437","PHYS THER 4","9",""
"2460","PHYSICIAN (ON CALL)","9",""
"2489","POLICE LIEUTENANT MSP","9",""
"2495","POLICE TRAINEE","9",""
"2497","POLYSOMNOGRAPHY TCHNO PRN","9",""
"2546","PROCUREMENT SUPV 1","9",""
"2633","PSYCHIATRIC TCHN PD","9",""
"2706","QLTY IMPV HC MGR 1","9",""
"2756","REAL ESTATE OFCR 5","9",""
"2786","RECR SUPV","9",""
"2823","REGISTRAR SUPV 2","9",""
"2951","RSCH CMPLNC SUPV 2","9",""
"2963","RSDNC HALLS MGR AST","9",""
"2997","SENIOR PROCTOR","9",""
"2999","SHEETMETAL MECH","9",""
"3007","SIGNMAKER","9",""
"3119","STDT ADVISOR SUPV 1","9",""
"3196","STEAM OPS ENGR LD","9",""
"3212","STIPEND-RESID","9",""
"3339","TECH SUPP ANL 2","9",""
"3372","TRAINING DEV MGR 2","9",""
"3442","VENDOR REL SPEC 2","9",""
"3465","VIS ASST RES NEX","9",""
"82","ACT INSTR-GRAD STDNT-GSHIP","8","Student Instruction"
"17","ACAD HR MGR 2","8","Staff"
"253","ANL 5","8","Staff"
"469","AUDIT MGR 2","8","Staff"
"470","AUDIT MGR 3","8","Staff"
"487","AUTO TCHN LD","8","Staff"
"500","BEH HEALTH COUNSELOR 1","8","Staff"
"524","BENEFITS PRG STRAT ANL 4","8","Staff"
"557","BLDG MAINT SUPV SR","8","Staff"
"567","BROADCAST COMM SPEC 2","8","Staff"
"575","BUDGET ANL SR","8","Staff"
"693","CHILD DEV CTR AST PD","8","Staff"
"805","CLIN OPS SHS SUPV 2","8","Staff"
"919","COMPENSATION MGR 2","8","Staff"
"1255","EMPLOYEE REL REPR 5","8","Staff"
"1286","ENGR TCHN SUPV 2","8","Staff"
"1299","ETHICS AND CMPLNC MGR 1","8","Staff"
"1342","EXHIBITIONS SPEC 4","8","Staff"
"1462","FLEET SVC SUPV 1","8","Staff"
"1477","FOOD SVC MGR 3","8","Staff"
"1565","HEALTH EDUC MGR 1","8","Staff"
"1729","INSTITUTIONAL RSCH MGR 1","8","Staff"
"1772","IT ARCHITECT 3","8","Staff"
"1850","LANGUAGE AST","8","Staff"
"1932","MACHINIST","8","Staff"
"1978","MASSAGE THERAPIST 2","8","Staff"
"2071","MEDIA COMM MGR 1","8","Staff"
"2123","MUSEUM EDUCATOR 3","8","Staff"
"2224","OPTOMETRIST 4","8","Staff"
"2250","PARALEGAL 2","8","Staff"
"2261","PARKING OPS ENFORCEMENT MGR 1","8","Staff"
"2357","PERF ARTS MGR 1","8","Staff"
"2487","POLICE CHF MGR 3","8","Staff"
"2689","PUBLICATIONS PROD SUPV 2","8","Staff"
"3012","SKLD CRAFTS TRADES MGR 2","8","Staff"
"3037","SPECTROSCOPIST","8","Staff"
"3199","STEAMFITTER WORKER LD","8","Staff"
"3448","VETERINARIAN 4","8","Staff"
"1393","FIELD RSCH SUPV 1","8","Research Staff"
"3457","VIS ASSOC PROJ SCIENTIST","8","Research"
"325","ASSOC LIBRARIAN-TEMP STATUS","8","Non-Senate"
"842","CLINICAL PROFESSOR OF LAW","8","Non-Senate"
"244","ANGIOGRAPHY TCHNO","8","Med Center"
"629","CARE MGR 1","8","Med Center"
"752","CLIN IMG IT SPEC 2","8","Med Center"
"764","CLIN INFORMATICS SPEC 5","8","Med Center"
"1580","HEALTH INFO MGT SUPV 1","8","Med Center"
"2061","MED RCDS AST SR","8","Med Center"
"2160","NUC MED TCHNO","8","Med Center"
"2164","NUC MED TCHNO SR PD","8","Med Center"
"2186","NURSE SVC MGR 4","8","Med Center"
"2403","PHLEBOTOMIST CERT 1","8","Med Center"
"882","COACH AST 1","8","Athletics"
"1834","LABOR REL MGR 2","8","Admin Staff"
"363","ASSOC VICE CHANC","8","Admin"
"3432","VC DEV AND UNIV REL","8","Admin"
"8","ACAD ACHIEVEMENT MGR 1","8","Acad Staff"
"10","ACAD ACHIEVEMENT SUPV 2","8","Acad Staff"
"706","CHILD LIFE SPEC 2 EX","8",""
"918","COMPENSATION MGR 1","8",""
"998","CTRL STERILE MGR 1","8",""
"1241","EMERGENCY MED TCHN LD","8",""
"1261","EMPLOYMENT REPR 1","8",""
"1385","FARM SEASONAL WORKER PD","8",""
"1445","FIRE FIGHTER STDT RSDT","8",""
"1465","FLOORING INSTALLER","8",""
"1504","GEN ACCOUNTANT 1","8",""
"1567","HEALTH EDUC SUPV 2","8",""
"1602","HISTO TCHNO LD","8",""
"1644","HOUSE MGR 1","8",""
"1797","K TO 12 EDUCATOR 3","8",""
"1926","LRNG SKILLS CNSLR SR NEX","8",""
"1939","MAIL SVC SUPV 1","8",""
"1960","MARINE TCHN 2 NEX","8",""
"1964","MARKETING MGR 2","8",""
"1979","MATERIALS MGT HC MGR 1","8",""
"2084","MENTAL HEALTH PRACT PD","8",""
"2236","ORGANIZATIONAL DEV MGR 3","8",""
"2260","PARKING ENFORCEMENT SPEC","8",""
"2321","PAT REL PROFL 4","8",""
"2345","PATHOLOGY AST 4","8",""
"2351","PAYROLL MGR 1","8",""
"2410","PHOTOGRAPHER PRN","8",""
"2464","PLNG MGR 2","8",""
"2479","PLUMBER LD","8",""
"2554","PRODUCER DIR AST","8",""
"2622","PROSPECT RSCH SPEC 2","8",""
"2667","PUBL EVENTS MGR AST","8",""
"2678","PUBL SFTY DISPATCHER LD","8",""
"2796","RECR THER 2 NEX","8",""
"2828","REGL AND CMPLNC HC SPEC 2","8",""
"2862","REPROGRAPHICS TCHN","8",""
"2891","RESID PHYS/SUBSPEC/T32/REP","8",""
"2968","SALES SPEC 1","8",""
"2969","SALES SPEC 2","8",""
"3020","SOCIAL WORK HC MGR 1","8",""
"3162","STDT LEGAL SVC ADVISOR 3","8",""
"3226","STRAT SOURCING MGR 2","8",""
"3308","TCHL PROJECT MGR 2","8",""
"3361","THEATRICAL PROD SUPV 1","8",""
"3410","ULTRASOUND TCHNO PRN PD","8",""
"948","CONTINUING APPT-TEMP AUG-1/9","7","Unit 18"
"3336","TEACHING ASSISTANT III","7","Student Instruction"
"468","AUDIT MGR 1","7","Staff"
"486","AUTO TCHN AST","7","Staff"
"544","BIOMED EQUIP TCHN 4","7","Staff"
"634","CAREER SVC MGR 1","7","Staff"
"635","CAREER SVC MGR 2","7","Staff"
"648","CARPENTER LOCKSMITH WORKER LD","7","Staff"
"851","CMPTL AND DATA SCI RSCH SPEC 5","7","Staff"
"865","CMTY HEALTH PRG MGR","7","Staff"
"962","CONTRACTS AND GRANTS MGR 3","7","Staff"
"1051","DATA PROC PROD CRD PRN","7","Staff"
"1140","DIGITAL COMM SPEC 5","7","Staff"
"1166","EARLY CHILDHOOD SITE CRD 4","7","Staff"
"1228","ELECTRN WORKER LD","7","Staff"
"1308","EVENTS MGR 1","7","Staff"
"1317","EVENTS SUPV 1","7","Staff"
"1373","FACULTY ADMIN TRANSITION LV-FY","7","Staff"
"1422","FINANCIAL ANL MGR 4","7","Staff"
"1692","INDUSTRY ALLNS MGR 1","7","Staff"
"1703","INFECTION PREVENTION CRD 5","7","Staff"
"1709","INFO SYS ANL 3 GF","7","Staff"
"1781","IT SCRTY ANL 2","7","Staff"
"1804","K to 14 ACAD PREP MGR 2","7","Staff"
"1810","K to 14 ACAD PREP SPEC 5","7","Staff"
"2209","OMBUDSPERSON 5","7","Staff"
"2234","ORGANIZATIONAL DEV MGR 1","7","Staff"
"2494","POLICE SVC SUPV 1","7","Staff"
"3214","STOREKEEPER AST","7","Staff"
"76","ACT ASSOC PROF-AY","7","Senate"
"1853","LAW LIBRARIAN","7","Senate"
"193","AGRON AES-AY","7","Research"
"361","ASSOC SPECIALIST NON REP","7","Research"
"2873","RES-LR SCL-AY","7","Research"
"496","BAR PREPARATION INSTRUCTORS","7","Non-Senate"
"1673","HS ASST CLIN PROF-SFT-VM","7","Non-Senate"
"2152","NON-SENATE ACAD EMERITUS(WOS)","7","Non-Senate"
"3477","VISITING PROFESSOR OF LAW","7","Non-Senate"
"234","ANESTHESIA TCHN 2 PD","7","Med Center"
"769","CLIN LAB MGR 2","7","Med Center"
"813","CLIN REGIS ANL 3","7","Med Center"
"820","CLIN RSCH ANL 5","7","Med Center"
"1577","HEALTH INFO MGT MGR 1","7","Med Center"
"1584","HEALTH PROFNS EDUC MGR 2","7","Med Center"
"2068","MED STF SVC SPEC 4","7","Med Center"
"2385","PHARMACIST SPEC","7","Med Center"
"440","ATH MGR 2 PAC12","7","Athletics"
"463","ATH TRAINING SUPV 2","7","Athletics"
"3370","TRAINER 5","7","Athletics"
"434","AST TO DEAN DIR CHAIR 2","7","Admin Staff"
"1330","EXEC AST 5","7","Admin Staff"
"1757","IP MGR 1","7","Admin Staff"
"90","ACT/INTERIM DEAN","7","Admin"
"383","ASST DEAN","7","Admin"
"3428","VC BUS ADMSTN","7","Admin"
"3433","VC EQUITY AND INCLUSION","7","Admin"
"3192","STDT SVC SUPV 1","7","Acad Staff"
"72","ACQUISITIONS EDITOR 3","7",""
"149","ADMINISTRATIVE SUPPORT COORD","7",""
"150","ADMINISTRATOR","7",""
"273","ART MODEL","7",""
"690","CHILD DEV ASC","7",""
"894","COLLEGE PROVOST","7",""
"938","CONST INSP 3","7",""
"1033","CUSTODIAN SR SUPV","7",""
"1036","CUSTOMER SVC MGR 1","7",""
"1060","DATA SYS MGR 2","7",""
"1210","EHS SUPV 1","7",""
"1280","ENGR AST","7",""
"1316","EVENTS SPEC 5","7",""
"1453","FIXED INCOME INV DIR","7",""
"1496","FUNDRAISER 3 GF","7",""
"1527","GI ENDOSCOPY TCHN 1 PD","7",""
"1537","GOVT REL SPEC 3","7",""
"1561","HC ADM SHS MGR 1","7",""
"1623","HOSP BLANK AST 3 SUPV","7",""
"1787","IT SCRTY MGR 2","7",""
"1927","LRNG SKLS CNSLR","7",""
"1959","MARINE TCHN 2","7",""
"2092","MGD CARE SPEC 2","7",""
"2143","NEURO TCHNO SR","7",""
"2200","OCCUPATIONAL THER CERT AST 1","7",""
"2201","OCCUPATIONAL THER CERT AST 2","7",""
"2229","ORDINARY SEAMAN 1","7",""
"2230","ORGANIZATIONAL CNSLT 2","7",""
"2252","PARALEGAL 4","7",""
"2271","PAT ACCESS SVC MGR 1","7",""
"2310","PAT RCDS ABSTRACTOR 1","7",""
"2372","PERSONNEL ANL AST","7",""
"2439","PHYS THER AST 1","7",""
"2443","PHYS THER PD","7",""
"2449","PHYSCN NETWORK DEV MGR 1","7",""
"2451","PHYSCN NETWORK DEV SPEC 3","7",""
"2463","PLNG MGR 1","7",""
"2555","PRODUCER DIR PRN","7",""
"2561","PRODUCT DEV PROFL 4","7",""
"2624","PROSPECT RSCH SPEC 4","7",""
"2628","PROSTHETIST ORTHOTIST SR","7",""
"2632","PSYCHIATRIC TCHN","7",""
"2651","PUBL CRD","7",""
"2694","PULMONARY TCHN 3","7",""
"2704","QLTY AND PERF METRICS ANL 3","7",""
"2707","QLTY IMPV HC MGR 2","7",""
"2784","RECR PRG LEADER 4","7",""
"2836","REGL POLICY AND INTEL PROFL 4","7",""
"2900","RESP CARE SPEC 5","7",""
"2916","REVENUE CYCLE HC MGR 3","7",""
"2918","REVENUE CYCLE HC SUPV 1","7",""
"2920","RISK MGT HC MGR 1","7",""
"2948","RSCH CMPLNC MGR 1","7",""
"2984","SCRTY MGR 1","7",""
"2996","SENIOR ADMINSTRATIVE ANALYST","7",""
"3130","STDT AFFAIRS OFCR 5 SUPV EX","7",""
"3233","STUDENT LIBRARY ASSISTANT","7",""
"3290","SYS INTEGRATION ENGR 5","7",""
"3347","TELESCOPE TCHN PRN","7",""
"3349","TELEVISION ENGR","7",""
"3351","TELEVISION TCHN PRN","7",""
"3408","ULTRASOUND TCHNO PD","7",""
"1550","GSAR-NON GSHIP","6","Student Reasearch"
"255","ANL 6","6","Staff"
"269","ARCHITECTURAL ASC EX","6","Staff"
"498","BEH HEALTH CNSLNG MGR 2","6","Staff"
"501","BEH HEALTH COUNSELOR 2","6","Staff"
"578","BUS DEV HC MGR 3","6","Staff"
"589","BUS SYS ANL 1","6","Staff"
"867","CMTY HEALTH PRG REPR AST","6","Staff"
"940","CONST INSP 5","6","Staff"
"957","CONTRACT ADMSTN MGR 1","6","Staff"
"978","COORD PUBLIC PROG","6","Staff"
"981","COORD PUBLIC PROG VII NON REP","6","Staff"
"1164","EARLY CHILDHOOD EDUC MGR 2","6","Staff"
"1198","EHS MGR 3","6","Staff"
"1287","ENTERPRISE RISK MGR 1","6","Staff"
"1384","FARM MAINT WORKER SR","6","Staff"
"1434","FINANCIAL SVC MGR 3","6","Staff"
"1662","HR MGR 4","6","Staff"
"1730","INSTITUTIONAL RSCH MGR 2","6","Staff"
"2074","MEDIA COMM SPEC 1","6","Staff"
"2110","MILITARY/AIR SCI&TACTICS ASST","6","Staff"
"2137","MUSICIAN 4","6","Staff"
"2204","OMBUDS MGR 1","6","Staff"
"3218","STOREKEEPER SR LD","6","Staff"
"312","ASSOC COORD PUBLIC PROG","6","Research"
"2600","PROJ SCI-FY-B/E/E NON REP","6","Research"
"81","ACT ASST PROF-AY-B/E/E","6","Non-Senate"
"1677","HS CLIN PROF-AY","6","Non-Senate"
"625","CARDIOVASCULAR SUPV 2","6","Med Center"
"719","CLIN APPL TRAINER 4","6","Med Center"
"740","CLIN ENGR 2","6","Med Center"
"761","CLIN INFORMATICS SPEC 2","6","Med Center"
"800","CLIN NURSE SUPV 2 NEX","6","Med Center"
"801","CLIN NURSE SUPV 3 NEX","6","Med Center"
"827","CLIN RSCH MGR 2","6","Med Center"
"835","CLIN SOCIAL WORKER CHF ASC","6","Med Center"
"2045","MED INTERPRETER SVC SUPV 2","6","Med Center"
"2175","NURSE PRACT MGR 1","6","Med Center"
"2390","PHARMACY MGR 2","6","Med Center"
"445","ATH PROFL 1","6","Athletics"
"452","ATH PROFL 4 BYA","6","Athletics"
"454","ATH SUPV 2","6","Athletics"
"1538","GOVT REL SPEC 4","6","Admin Staff"
"1759","IP MGR 3","6","Admin Staff"
"364","ASSOC VICE PROVOST","6","Admin"
"1077","DEAN UNIV EXT","6","Admin"
"42","ACADEMIC COORD II-FY NEX","6","Acad Staff"
"3138","STDT DISABILITY MGR 1","6","Acad Staff"
"62","ACCOUNTANT PRN","6",""
"169","ADMITTING WORKER SR PD","6",""
"228","ANATOMICAL SVC PROFL 4","6",""
"933","CONCIERGE 4","6",""
"985","COUNSEL 1","6",""
"1002","CTRL SVC TCHN 1","6",""
"1016","CUSTODIAL HC MGR 1","6",""
"1087","DECISION SUPP SPEC 5","6",""
"1100","DEPUTY DIR","6",""
"1177","EDUC FAC PLNR SR SUPV","6",""
"1221","ELECTRN 2","6",""
"1247","EMERGENCY TRAUMA TCHN SR PD","6",""
"1274","ENERGY MGT ANL 4","6",""
"1278","ENGR ASC","6",""
"1288","ENTERPRISE RISK MGR 2","6",""
"1395","FIELD VETERINARIAN 2","6",""
"1401","FIN ANL PRN 1 SUPV","6",""
"1443","FIRE CAPTAIN 56 HRS","6",""
"1450","FIRE SPEC 2 56 HRS","6",""
"1522","GEOGRAPHIC INFO SYS PROGR 2","6",""
"1545","GROUNDS SUPV NEX","6",""
"1647","HOUSE SHIFT ADMIN 5","6",""
"1684","HVAC MECH LD","6",""
"1685","HVAC SPEC","6",""
"1798","K TO 12 EDUCATOR 4","6",""
"1901","LIBRARY PROFL 3","6",""
"2083","MENTAL HEALTH PRACT","6",""
"2095","MGD CARE SPEC 5","6",""
"2133","MUSIC THER NEX","6",""
"2147","NEURODIAGNOSTIC SVC SUPV 2","6",""
"2212","OPHTHALMIC TCHN LD 3","6",""
"2235","ORGANIZATIONAL DEV MGR 2","6",""
"2237","ORTHOPEDIC TCHN","6",""
"2240","ORTHOPTIST","6",""
"2269","PARKING SUPV PRN","6",""
"2284","PAT BILLER 1","6",""
"2366","PERFUSIONIST SR EX","6",""
"2500","POPULATION HEALTH MGR 1","6",""
"2510","POSTDOC-PAID DIRECT","6",""
"2589","PROG COORD","6",""
"2650","PUBL ADMSTN ANL SUPV NEX","6",""
"2716","QLTY IMPV HC SUPV 2","6",""
"2722","RAD THER TCHNO CHF ASC","6",""
"2790","RECR SUPV PRN","6",""
"2805","REG DENTAL AST EXTD FUNC","6",""
"2905","RESP THER 4","6",""
"2925","RISK MGT HC PROFL 4","6",""
"2949","RSCH CMPLNC MGR 2","6",""
"2956","RSCH DATA ANL 5","6",""
"2994","SENATE EMERITUS (WOS)","6",""
"3222","STORES SUPV","6",""
"3223","STORES SUPV SR","6",""
"3259","SURVEY RESEARCHER SUPV 1","6",""
"3278","SYS ADM 3 GF","6",""
"3383","TRANSPLANT MGR 1","6",""
"3492","VOLUNTEER SVC PROFL 4","6",""
"1457","FLD WK CONSULT-AY-CONTINUING","5","Unit 18"
"1857","LECT PSOE-AY-1/9","5","Teaching Track"
"3329","TEACHG ASST-GSHIP/NON REP","5","Student Instruction"
"185","AEROSPACE MGR 3","5","Staff"
"198","ALUMNI EXTERNAL REL MGR 2","5","Staff"
"201","ALUMNI EXTERNAL REL SPEC 1","5","Staff"
"207","ALUMNI EXTERNAL REL SUPV 1","5","Staff"
"436","ASTRONOMER","5","Staff"
"481","AUTO ATTENDANT","5","Staff"
"494","BAKER PRN","5","Staff"
"511","BEH HEALTH PSYCHIATRIC SUPV 1","5","Staff"
"514","BELL ATTENDANT","5","Staff"
"550","BLANK AST 2 SUPV","5","Staff"
"555","BLDG AUTO CNTRL TCHN","5","Staff"
"563","BOATSWAIN 3","5","Staff"
"571","BUDGET ANL","5","Staff"
"576","BUS DEV HC MGR 1","5","Staff"
"846","CMPTL AND DATA SCI RSCH MGR 1","5","Staff"
"859","CMTY EDUC SUPV 1","5","Staff"
"872","CMTY SVC CASE MGR","5","Staff"
"874","CNSLNG ATTORNEY","5","Staff"
"982","COORD PUBLIC PROG VIII NON REP","5","Staff"
"1182","EDUC TCHL SUPV 1","5","Staff"
"1352","FAC MGT SPEC 1","5","Staff"
"1360","FAC PROJECT MGR 3","5","Staff"
"1572","HEALTH EDUCATOR 5","5","Staff"
"1694","INDUSTRY ALLNS SPEC 2","5","Staff"
"1764","IP OFCR 5","5","Staff"
"1788","IT SCRTY MGR 3","5","Staff"
"2078","MEDIA COMM SPEC 5","5","Staff"
"2393","PHARMACY SHS MGR 1","5","Staff"
"2457","PHYSCN SHS MGR 2","5","Staff"
"2465","PLNG MGR 3","5","Staff"
"2484","POLICE CAPTAIN MGR 2","5","Staff"
"2976","SCENE TCHN AST PD","5","Staff"
"3505","WARDROBE TCHN SR","5","Staff"
"3521","ZONE LD","5","Staff"
"86","ACT PROF-AY","5","Senate"
"2575","PROF-AY-1/9-B/E/E","5","Senate"
"414","ASST RES-FY-B/E/E-NON REP","5","Research Staff"
"1825","LAB MECHN HELPER","5","Research Staff"
"2941","RSCH AND DEV ENGR MGR 2","5","Research Staff"
"194","AGRON AES-B/E/E","5","Research"
"408","ASST PROJ SCNTST-FY-B/E/E NEX","5","Research"
"413","ASST RES-FY-B/E/E NEX","5","Research"
"416","ASST RES-LR SCL-AY","5","Research"
"2870","RES-FY-B/E/E NEX","5","Research"
"3475","VIS RES NEX","5","Research"
"104","ADJ PROF-FY-B/E/E","5","Non-Senate"
"301","ASSOC ADJ PROF-AY-1/9","5","Non-Senate"
"302","ASSOC ADJ PROF-AY-B/E/E","5","Non-Senate"
"627","CARDIOVASCULAR TCHN PD","5","Med Center"
"670","CEO MED CTR","5","Med Center"
"723","CLIN APPLICATIONS MGR 4","5","Med Center"
"733","CLIN DOC MGR 1","5","Med Center"
"758","CLIN INFORMATICS MGR 1","5","Med Center"
"1592","HEALTH TCHN 1","5","Med Center"
"2012","MED CTR ELECTR TCHN PRN","5","Med Center"
"2024","MED CTR LAB MECHN","5","Med Center"
"2056","MED OFC SVC CRD 4","5","Med Center"
"2159","NUC MED SUPV 2","5","Med Center"
"2180","NURSE PRACT SUPV 3","5","Med Center"
"2381","PHARMACIST 1 PD","5","Med Center"
"2391","PHARMACY MGR 3","5","Med Center"
"2407","PHLEBOTOMIST CERT TCHN 3","5","Med Center"
"1562","HC ADM SHS MGR 2","5","Admin Staff"
"1563","HC ADM SHS MGR 3","5","Admin Staff"
"1833","LABOR REL MGR 1","5","Admin Staff"
"298","ASSISTANT DIRECTOR","5","Admin"
"3430","VC CFO","5","Admin"
"43","ACADEMIC COORD III-AY","5","Acad Staff"
"384","ASST LAW LIBRARIAN","5","Acad Staff"
"949","CONTINUING EDUCATOR I","5","Acad Staff"
"3110","STDT ACAD MGR 2","5","Acad Staff"
"3144","STDT DISABILITY SUPV 2","5","Acad Staff"
"3191","STDT SVC MGR 4","5","Acad Staff"
"69","ACCOUNTING SUPV 1","5",""
"74","ACQUISITIONS EDITOR 5","5",""
"161","ADMISSIONS RECRMT SUPV 1","5",""
"666","CEMENT MASON FLOORER","5",""
"695","CHILD DEV CTR MGR","5",""
"708","CHILD LIFE SPEC 2 PD","5",""
"709","CHILD LIFE SPEC 3","5",""
"914","COMPENSATION ANL 2","5",""
"932","CONCIERGE 3","5",""
"983","COORDINATOR","5",""
"989","COUNSEL 5","5",""
"1001","CTRL STERILE SUPV 2","5",""
"1008","CTRL UTILITY PLT OPR LD","5",""
"1050","DATA ANALYSIS SUPV 2","5",""
"1092","DENTAL AST SUPV","5",""
"1227","ELECTRN SUPV","5",""
"1239","EMBRYOLOGIST 5","5",""
"1249","EMPLOYEE REL MGR 1","5",""
"1267","EMPLOYMENT SUPV 2","5",""
"1301","ETHICS AND CMPLNC MGR 3","5",""
"1340","EXECUTIVE ASSISTANT","5",""
"1357","FAC MGT SPEC 5","5",""
"1394","FIELD RSCH SUPV 2","5",""
"1396","FIELD VETERINARIAN 3","5",""
"1402","FIN ANL PRN 2","5",""
"1435","FINANCIAL SVC MGR 4","5",""
"1438","FIRE AND SCRTY SPEC","5",""
"1449","FIRE SPEC 1 56 HRS NON HZMT","5",""
"1451","FIRST ENGR AST","5",""
"1463","FLEET SVC SUPV 2","5",""
"1514","GENETIC CNSLNG HC SUPV 2","5",""
"1604","HOME HEALTH AIDE","5",""
"1631","HOSP LAB TCHN 3 SUPV","5",""
"1689","HVY EQUIP OPS ENGR","5",""
"1776","IT ARCHITECT MGR 1","5",""
"1802","K TO 14 ACAD PREP SUPV 1","5",""
"1844","LACTATION CONSULTANT 3","5",""
"1909","LINEN SVC HEAD SR","5",""
"1923","LOCKSMITH LD","5",""
"1961","MARINE TCHN 3","5",""
"2154","NTRTN AND DIETARY HC MGR 1","5",""
"2215","OPS ROOM AST 2 PD","5",""
"2216","OPS ROOM AST LD 3","5",""
"2217","OPS ROOM AST PD","5",""
"2226","OPTOMETRIST SR","5",""
"2251","PARALEGAL 3","5",""
"2259","PARKING CASHIER/ATTENDANT","5",""
"2264","PARKING OPS SPEC 2","5",""
"2279","PAT BILL AND COLL MGR 2","5",""
"2281","PAT BILL AND COLL REPR 4","5",""
"2293","PAT CARE DIALYSIS TCHN PD","5",""
"2302","PAT NAVGTR CLIN 3","5",""
"2343","PATHOLOGY AST 3","5",""
"2346","PAYROLL ANL 1","5",""
"2369","PERINATAL TCHN 1","5",""
"2427","PHYS THER 1 EX","5",""
"2436","PHYS THER 3 SUPV NEX","5",""
"2473","PLT OPR","5",""
"2525","PRIVACY AND CMPLNC HC MGR 1","5",""
"2615","PROJECT POLICY ANL MGR 3","5",""
"2668","PUBL EVENTS MGR PRN","5",""
"2674","PUBL INFO REPR PRN","5",""
"2681","PUBLICATIONS MGR SR","5",""
"2688","PUBLICATIONS PROD SUPV 1","5",""
"2695","PULMONARY TCHN PD","5",""
"2697","QA RELEASE MGT ANL 1","5",""
"2709","QLTY IMPV HC SPEC 1","5",""
"2743","RADLG TCHNO TRAINEE","5",""
"2810","REGENTS"" LECT","5",""
"2824","REGL AND CMPLNC HC MGR 1","5",""
"2831","REGL AND CMPLNC HC SPEC 5","5",""
"2850","REIMB HC ANL 2","5",""
"2880","RESC SUPV","5",""
"2896","RESP CARE MGR 2","5",""
"2988","SCRTY SUPV 2","5",""
"2990","SEA CAPTAIN MGR 2","5",""
"3132","STDT ARTIST OR PERF","5",""
"3147","STDT HEALTH DENTIST 3","5",""
"3210","STF VOLUNTEER","5",""
"3231","STRAT SOURCING PROFL 5","5",""
"3257","SURVEY RESEARCHER 3","5",""
"3266","SUSTAIN OFCR 2","5",""
"3287","SYS INTEGRATION ENGR 2","5",""
"3362","THEATRICAL PROD SUPV 2","5",""
"3371","TRAINING DEV MGR 1","5",""
"3392","TREASURY ANL 4","5",""
"3443","VENDOR REL SPEC 3","5",""
"3445","VENTILATION MECH","5",""
"3335","TEACHING ASSISTANT II","4","Student Instruction"
"155","ADMISSIONS RECRMT MGR 3","4","Staff"
"467","AUDIOLOGIST SR PD","4","Staff"
"479","AUDITOR 4","4","Staff"
"508","BEH HEALTH PSYCHIATRIC PROFL 2","4","Staff"
"525","BENEFITS PRG STRAT ANL 5","4","Staff"
"527","BENEFITS PRG STRAT MGR 2","4","Staff"
"533","BIOINFORMATICS MGR 1","4","Staff"
"562","BOAT OPR SR 1","4","Staff"
"573","BUDGET ANL PRN 2","4","Staff"
"583","BUS INTEL MGR 2","4","Staff"
"772","CLIN LAB SCI APPR","4","Staff"
"854","CMTY EDUC MGR 1","4","Staff"
"873","CMTY SVC CASE MGR AST","4","Staff"
"876","CNSLNG CTR MGR 2","4","Staff"
"980","COORD PUBLIC PROG VI NON REP","4","Staff"
"1178","EDUC TCHL MGR 1","4","Staff"
"1194","EEO REPR 4","4","Staff"
"1333","EXEC CHEF 5","4","Staff"
"1691","ILLUSTRATOR SR","4","Staff"
"1693","INDUSTRY ALLNS MGR 2","4","Staff"
"1971","MARKETING SPEC 5","4","Staff"
"1972","MARKETING SUPV 1","4","Staff"
"2124","MUSEUM PREPARATOR","4","Staff"
"2537","PROCUREMENT ANL 1","4","Staff"
"2845","REHAB SVC SPEC 1","4","Staff"
"3310","TCHL PROJECT MGT PROFL 1","4","Staff"
"3520","WRITTEN COMM SUPV 2","4","Staff"
"77","ACT ASSOC PROF-AY-B/E/E","4","Senate"
"331","ASSOC PROF OF CLIN-FY","4","Senate"
"365","ASSOC. LIBRARIAN","4","Senate"
"369","ASSOCIATE PROFESSOR OF LAW","4","Senate"
"2566","PROF IN RES-AY-B/E/E","4","Senate"
"2574","PROF-AY-1/9","4","Senate"
"307","ASSOC AGRON AES","4","Research"
"354","ASSOC RES-LR SCL-AY","4","Research"
"417","ASST RES-LR SCL-AY-1/9","4","Research"
"2875","RES-LR SCL-AY-1/9-B/E/E","4","Research"
"106","ADJ PROF-SFT-VM","4","Non-Senate"
"213","AMBUL CARE ADMSTN CRD 5","4","Med Center"
"220","AMBUL CARE ADMSTN SUPV 2 GF","4","Med Center"
"672","CFO MED CTR","4","Med Center"
"751","CLIN IMG IT SPEC 1","4","Med Center"
"767","CLIN LAB MGR","4","Med Center"
"783","CLIN NURSE (ON CALL)","4","Med Center"
"817","CLIN REGIS SUPV 2","4","Med Center"
"836","CLIN SOCIAL WORKER SUPV","4","Med Center"
"843","CLINICIAN PD","4","Med Center"
"968","COO MED CTR","4","Med Center"
"1581","HEALTH INFO MGT SUPV 2","4","Med Center"
"2016","MED CTR ENVIR SVC WORKER 2","4","Med Center"
"2026","MED CTR LAB MECHN PRN","4","Med Center"
"2060","MED RCDS AST","4","Med Center"
"2064","MED STF SVC MGR 2","4","Med Center"
"2387","PHARMACIST SR NEX","4","Med Center"
"438","ATH MGR 1 PAC12","4","Athletics"
"439","ATH MGR 2","4","Athletics"
"443","ATH MGR 4","4","Athletics"
"457","ATH TRAINER 2","4","Athletics"
"675","CHAN MAP AST","4","Admin Staff"
"909","COMM MGR 4","4","Admin Staff"
"1651","HR AST 2","4","Admin Staff"
"3426","VC AND DEAN SOM","4","Admin"
"18","ACAD HR MGR 3","4","Acad Staff"
"1734","INSTRUCTIONAL DESIGNER 1","4","Acad Staff"
"3118","STDT ADVISOR MGR 2","4","Acad Staff"
"59","ACCOUNTANT 4 SUPV","4",""
"139","ADMIN OFCR 4 GF","4",""
"147","ADMINISTRATIVE ASSISTANT","4",""
"165","ADMITTING WORKER PD","4",""
"189","AGRICULTURE MGR 1","4",""
"429","AST PLT OPER","4",""
"659","CASE MGT HC MGR 2","4",""
"664","CATH LAB RADLG TCHNO SR","4",""
"669","CENTER SENIOR ASSOCIATE","4",""
"681","CHF ENGR MGR 1","4",""
"711","CHILD LIFE TEACHER 2","4",""
"898","COMM AND NETWORK TCHL ANL 3 GF","4",""
"904","COMM AND NETWORK TCHL SUPV 1","4",""
"924","COMPUTER OPR SR","4",""
"941","CONST INSP ASC","4",""
"944","CONST PROJECT MGR ASC","4",""
"946","CONST PROJECT MGR SR","4",""
"1034","CUSTODIAN SR SUPV NEX","4",""
"1044","CYTO TCHNO PD","4",""
"1049","DATA ANALYSIS MGR 1","4",""
"1064","DATABASE ADM 1","4",""
"1070","DATABASE TECHNICIAN","4",""
"1081","DECISION SUPP MGR 3","4",""
"1082","DECISION SUPP MGR 4","4",""
"1101","DEPUTY GEN COUNSEL","4",""
"1103","DESIGN AND CONST MGR 2","4",""
"1117","DEV TCHN 1","4",""
"1157","DIVISIONAL DEAN","4",""
"1168","ECHOCARDIOGRAPHIC TCHN PRN","4",""
"1171","EDITOR AST","4",""
"1174","EDUC FAC PLNR","4",""
"1175","EDUC FAC PLNR PRN","4",""
"1184","EDUCATOR (WOS)","4",""
"1225","ELECTRN OPR 3","4",""
"1237","EMBRYOLOGIST 4","4",""
"1240","EMERGENCY MED TCHN","4",""
"1252","EMPLOYEE REL REPR 2","4",""
"1282","ENGR PRN","4",""
"1289","ENTERPRISE RISK MGR 3","4",""
"1356","FAC MGT SPEC 4 GF","4",""
"1364","FAC PROJECT MGT SPEC 3 GF","4",""
"1367","FAC PROJECT SUPV 2","4",""
"1372","FACULTY ADMIN TRANSITION LV-AY","4",""
"1380","FARM MACH MECH","4",""
"1387","FEDERAL GOVT REL PROFL 3","4",""
"1411","FINANCIAL AID SUPV 1","4",""
"1425","FINANCIAL ANL SUPV 2 GF","4",""
"1448","FIRE SPEC 1 56 HRS","4",""
"1452","FIRST OFCR","4",""
"1611","HOME HEALTH SUPV 2","4",""
"1633","HOSP LAB TCHN 4 SUPV EX","4",""
"1686","HVAC-R","4",""
"1755","IONM TCHNO","4",""
"1756","IONM TCHNO SR","4",""
"1777","IT ARCHITECT MGR 2","4",""
"1813","KEY ENTRY OPR","4",""
"1876","LEGAL SECR SR","4",""
"1947","MAMMOGRAPHY TCHNO LD","4",""
"1948","MAMMOGRAPHY TCHNO PD","4",""
"1962","MARINE TCHN 3 NEX","4",""
"2091","MGD CARE MGR 4","4",""
"2126","MUSEUM PREPARATOR SR","4",""
"2155","NTRTN AND DIETARY HC MGR 2","4",""
"2205","OMBUDSPERSON 2","4",""
"2238","ORTHOPEDIC TCHN PRN","4",""
"2263","PARKING OPS ENFORCEMENT SUPV 2","4",""
"2272","PAT ACCESS SVC MGR 2","4",""
"2323","PAT REL SUPV 2","4",""
"2352","PAYROLL MGR 2","4",""
"2368","PERFUSIONIST SR PD NEX","4",""
"2419","PHYS PLT MECH 2","4",""
"2496","POLYSOMNOGRAPHY TCHNO","4",""
"2499","POLYSOMNOGRAPHY TCHNO SR PD","4",""
"2503","POPULATION HEALTH SPEC 3","4",""
"2620","PROSPECT RSCH MGR 1","4",""
"2642","PSYCHOMETRIST SR","4",""
"2680","PUBLICATIONS MGR","4",""
"2714","QLTY IMPV HC SPEC 5","4",""
"2717","RAD THER MGR 1","4",""
"2728","RADLG EQUIP SPEC SR","4",""
"2752","REAL ESTATE OFCR 2","4",""
"2822","REGISTRAR SUPV 1","4",""
"2825","REGL AND CMPLNC HC MGR 2","4",""
"2826","REGL AND CMPLNC HC MGR 3","4",""
"2839","REHAB AID 1 PD","4",""
"2843","REHAB SVC MGR 2","4",""
"2853","REIMB HC ANL 5","4",""
"2865","REPROGRAPHICS TCHN SR","4",""
"2866","RES SCRIPPS-AY","4",""
"2917","REVENUE CYCLE HC MGR 4","4",""
"2924","RISK MGT HC PROFL 3","4",""
"2957","RSCH GNT PRG MGR 2","4",""
"2962","RSCH GNT PRG OFCR 5","4",""
"3025","SOCIAL WORKER 2","4",""
"3053","SPIRITUAL CARE HC SUPV 2","4",""
"3077","STAGE HELPER","4",""
"3167","STDT LIFE DEV MGR 4","4",""
"3225","STRAT SOURCING MGR 1","4",""
"3293","SYS OPR LD","4",""
"3300","SYSWIDE BUDGET ANL 4","4",""
"3303","TAX CMPLNC ANL 2","4",""
"3313","TCHL PROJECT MGT PROFL 3 GF","4",""
"3360","THEATER PROD SUPV SR NEX","4",""
"3363","THIRD ENGR AST","4",""
"3364","THIRD OFCR BOAT OPR 2","4",""
"3377","TRANSLATOR NONTECHNICAL","4",""
"3384","TRANSPLANT MGR 2","4",""
"3389","TRAVEL RESERVATIONIST 3","4",""
"85","ACT LECT PSOE-AY-B/E/E","3","Teaching Track"
"1864","LECT SOE-HCOMP","3","Teaching Track"
"260","APPLICATIONS PROGM MGR 3","3","Staff"
"264","APPLICATIONS PROGR 3 GF","3","Staff"
"268","ARCHITECT SR","3","Staff"
"271","ARCHITECTURAL ASC PRN","3","Staff"
"476","AUDITOR 1","3","Staff"
"480","AUDITOR PRN","3","Staff"
"488","AUTO TCHN SUPV","3","Staff"
"530","BENEFITS SUPV 1","3","Staff"
"566","BROADCAST COMM SPEC 1","3","Staff"
"569","BROADCAST COMM SPEC 4","3","Staff"
"580","BUS DEV HC PROFL 3","3","Staff"
"597","BUS SYS ANL MGR 3","3","Staff"
"602","BUS TCHL SUPP MGR 2","3","Staff"
"609","BUYER 2","3","Staff"
"612","BUYER 5","3","Staff"
"636","CAREER SVC MGR 3","3","Staff"
"640","CAREER SVC SPEC 5","3","Staff"
"665","CEMENT MASON","3","Staff"
"778","CLIN LAB SHS MGR 1","3","Staff"
"799","CLIN NURSE SHS SUPV 2","3","Staff"
"863","CMTY HEALTH OUTR PROFL 4","3","Staff"
"958","CONTRACT ADMSTN MGR 2","3","Staff"
"1011","CURATORIAL MGR 3","3","Staff"
"1235","ELEVATOR MECH LD","3","Staff"
"1680","HS CLIN PROF-SFT-VM","3","Staff"
"1720","INSP PLNR EST SR NEX","3","Staff"
"2119","MUSEUM EDUC MGR 1","3","Staff"
"2120","MUSEUM EDUC SUPV 1","3","Staff"
"2206","OMBUDSPERSON 3","3","Staff"
"2248","PAINTER WORKER LD","3","Staff"
"2359","PERF ARTS MGR 3","3","Staff"
"2378","PEST CNTRL OPR","3","Staff"
"2412","PHOTOGRAPHER SR","3","Staff"
"2481","PLUMBER PIPEFITTER WORKER LD","3","Staff"
"2618","PROJECTIONIST","3","Staff"
"2619","PROJECTIONIST SR","3","Staff"
"2654","PUBL EDUC MGR 1","3","Staff"
"2802","RECYCLING REFUSE SVC SUPV 1","3","Staff"
"3057","SPRINKLER FITTER","3","Staff"
"3206","STF PHARMACIST 1 EX","3","Staff"
"3242","STY ENGR WORKER LD","3","Staff"
"3283","SYS ADMSTN MGR 3","3","Staff"
"3504","WARDROBE TCHN PRN","3","Staff"
"3511","WIPER OPR 1","3","Staff"
"326","ASSOC PROF IN RES-AY","3","Senate"
"335","ASSOC PROF-AY-1/9","3","Senate"
"426","ASST UNIV LIBRARIAN","3","Senate"
"1883","LIBRARIAN","3","Senate"
"2763","RECALLED PROFESSOR OF LAW","3","Senate"
"404","ASST PROJ SCI-FY-B/E/E NON REP","3","Research Staff"
"1819","LAB GLASSBLOWER PRN","3","Research Staff"
"3258","SURVEY RESEARCHER 4","3","Research Staff"
"196","AGRON AES-SFT-VM","3","Research"
"348","ASSOC RES SCRIPPS-AY","3","Research"
"379","ASST AGRON AES-AY-B/E/E","3","Research"
"382","ASST COORD PUBLIC PROG","3","Research"
"2876","RES-LR SCL-AY-B/E/E","3","Research"
"3032","SPECIALIST (WOS)","3","Research"
"3473","VIS PROJ SCIENTIST NEX","3","Research"
"1674","HS CLIN INSTR-AY","3","Non-Senate"
"2583","PROFESSOR OF LAW (NON-TENURE)","3","Non-Senate"
"621","CARDIOVASCULAR MGR 1","3","Med Center"
"630","CARE MGR 2","3","Med Center"
"631","CARE MGR 3","3","Med Center"
"671","CFO HEALTH SYS AND CAMPUS","3","Med Center"
"683","CHF NURSE OFCR","3","Med Center"
"734","CLIN DOC MGR 2","3","Med Center"
"745","CLIN ENGR MGR 1","3","Med Center"
"746","CLIN ENGR MGR 2","3","Med Center"
"770","CLIN LAB MGR 3","3","Med Center"
"790","CLIN NURSE EDUC 3 GF","3","Med Center"
"793","CLIN NURSE EDUC MGR 1","3","Med Center"
"809","CLIN PROFL SVC MGR 2","3","Med Center"
"810","CLIN PROFL SVC MGR 3","3","Med Center"
"844","CLINICIAN SCHED UNSCHED","3","Med Center"
"845","CMO MED CTR","3","Med Center"
"1573","HEALTH INFO CODER 1","3","Med Center"
"1589","HEALTH PROFNS EDUC SPEC 5","3","Med Center"
"2011","MED CTR ELECTR TCHN","3","Med Center"
"2013","MED CTR ELECTR TCHN SR","3","Med Center"
"2038","MED CTR STOREKEEPER SR LD","3","Med Center"
"2049","MED LIBRARY HC PROFL 4","3","Med Center"
"2050","MED OFC SVC CRD 1","3","Med Center"
"2063","MED STF SVC MGR 1","3","Med Center"
"2161","NUC MED TCHNO CHF ASC","3","Med Center"
"2167","NURSE ANESTHETIST MGR 1","3","Med Center"
"441","ATH MGR 3","3","Athletics"
"442","ATH MGR 3 PAC12","3","Athletics"
"444","ATH MGR 4 PAC12","3","Athletics"
"459","ATH TRAINER 4","3","Athletics"
"36","ACADEMIC ASST TO CHANC","3","Admin Staff"
"1493","FUNDRAISER 1 NEX","3","Admin Staff"
"1835","LABOR REL MGR 3","3","Admin Staff"
"27","ACADEMIC ADMINISTRATOR I","3","Admin"
"315","ASSOC DIRECTOR","3","Admin"
"673","CHAIR-SEN ASMBLY&ACADEMIC CNCL","3","Admin"
"3434","VC IT","3","Admin"
"26","ACAD PRG MGT SUPV 2","3","Acad Staff"
"652","CART CAPTIONIST PD","3","Acad Staff"
"3143","STDT DISABILITY SUPV 1","3","Acad Staff"
"61","ACCOUNTANT I","3",""
"93","ACUPUNCTURIST 3 GF","3",""
"177","ADVOCACY MGR 1","3",""
"205","ALUMNI EXTERNAL REL SPEC 4 GF","3",""
"227","ANATOMICAL SVC MGR 1","3",""
"279","ARTS AND LECTURES MGR","3",""
"660","CASE MGT HC MGR 3","3",""
"878","CNSLNG PSYCHOLOGIST 3","3",""
"887","CODER PD","3",""
"902","COMM AND NETWORK TCHL MGR 2","3",""
"908","COMM MGR 3","3",""
"925","COMPUTER OPS SUPV SR","3",""
"986","COUNSEL 2","3",""
"1005","CTRL SVC TCHN 2 PD","3",""
"1017","CUSTODIAL HC MGR 2","3",""
"1056","DATA SYS ANL 3 GF","3",""
"1088","DELIVERY WORKER","3",""
"1096","DENTIST SHS SUPV 2","3",""
"1098","DEPARTMENT CHAIR","3",""
"1102","DESIGN AND CONST MGR 1","3",""
"1122","DIALYSIS ME TCHN 2 PD","3",""
"1123","DIALYSIS PROFL 4","3",""
"1125","DIETETIC AST PD","3",""
"1135","DIETITIAN SR SUPV","3",""
"1149","DIRECTOR III","3",""
"1189","EEG TCHNO SR PD","3",""
"1192","EEO REPR 2","3",""
"1193","EEO REPR 3","3",""
"1195","EEO REPR 5","3",""
"1219","ELECTR TCHN SR SUPV","3",""
"1226","ELECTRN SPEC","3",""
"1233","ELEVATOR MECH APPR","3",""
"1238","EMBRYOLOGIST 4 GF","3",""
"1268","ENERGY MGR 1","3",""
"1275","ENERGY MGT ANL 5","3",""
"1276","ENERGY MGT SUPV 2","3",""
"1277","ENGR AID","3",""
"1283","ENGR SPEC 2","3",""
"1291","ENTERPRISE RISK MGT ANL 1","3",""
"1296","ENTERPRISE RISK SUPV 2","3",""
"1300","ETHICS AND CMPLNC MGR 2","3",""
"1309","EVENTS MGR 2","3",""
"1344","FAC MAINT SUPV","3",""
"1374","FACULTY ADVISOR","3",""
"1376","FACULTY ASST TO PROVOST/DEAN","3",""
"1383","FARM MAINT WORKER","3",""
"1446","FIRE FIGHTER STDT RSDT SR","3",""
"1447","FIRE MECH","3",""
"1458","FLD WK CONSULT-FY-CONTINUING","3",""
"1466","FLOORING INSTALLER LD","3",""
"1512","GENERAL SVC OTHER SUPV 1","3",""
"1516","GENETIC CNSLR 1 NEX","3",""
"1524","GEOGRAPHIC INFO SYS PROGR 4","3",""
"1529","GI ENDOSCOPY TCHN 2 PD","3",""
"1534","GOVT REL MGR 1","3",""
"1650","HR ANL 2","3",""
"1690","HVY OFFROAD EQUIP MECH","3",""
"1766","IRRIGATION AST SUPV","3",""
"1773","IT ARCHITECT 3 GF","3",""
"1793","JR SPECIALIST NEX NON REP","3",""
"1800","K TO 12 EDUCATOR MGR 1","3",""
"1814","KEY ENTRY OPR LD","3",""
"1900","LIBRARY MGR 3","3",""
"1908","LIFT TEAM TCHN LD 3","3",""
"1914","LOAN ORIGINATION OFCR 2","3",""
"1915","LOAN ORIGINATION OFCR 3","3",""
"1922","LOCKSMITH 2","3",""
"1924","LOCKSMITH SPEC","3",""
"1938","MAIL SVC SUPV","3",""
"1953","MARINE COOK 3","3",""
"1958","MARINE TCHN 1","3",""
"1980","MATERIALS MGT HC MGR 2","3",""
"1984","MATERIALS MGT HC SPEC 4","3",""
"2072","MEDIA COMM MGR 2","3",""
"2081","MEETING ROOM CAPTAIN 3 A","3",""
"2089","MGD CARE MGR 2","3",""
"2093","MGD CARE SPEC 3","3",""
"2096","MGD CARE SUPV 2","3",""
"2112","MISC (TEMP HELP)","3",""
"2132","MUSIC THER EX","3",""
"2142","NEURO TCHNO PRN","3",""
"2145","NEURODIAGNOSTIC SVC MGR 1","3",""
"2257","PARKING AND TRANSPORT MGR 3","3",""
"2315","PAT REL MGR 1","3",""
"2324","PAT SFTY MGR 1","3",""
"2325","PAT SFTY PROFL 3","3",""
"2326","PAT SFTY PROFL 4","3",""
"2334","PAT SUPP SVC MGR 1","3",""
"2342","PATENT ADVISOR 3","3",""
"2350","PAYROLL ANL 5","3",""
"2363","PERFUSIONIST PD","3",""
"2365","PERFUSIONIST PRN NEX","3",""
"2442","PHYS THER AST PD","3",""
"2447","PHYSCN AST SUPV 2","3",""
"2461","PIANO TCHN","3",""
"2462","PLATFORM OPR 2","3",""
"2472","PLNR SR","3",""
"2482","PLUMBER SPEC","3",""
"2483","PLUMBER SUPV","3",""
"2501","POPULATION HEALTH MGR 2","3",""
"2524","PRIN ADMINISTRATIVE ANALYST","3",""
"2530","PRIVACY AND CMPLNC HC PROFL 5","3",""
"2533","PRIVATE EQUITY INV OFCR","3",""
"2543","PROCUREMENT MGR 2","3",""
"2558","PRODUCT DEV MGR 2","3",""
"2559","PRODUCT DEV PROFL 2","3",""
"2588","PROFL ENGR MGR 1","3",""
"2626","PROSTHETIST ORTHOTIST","3",""
"2627","PROSTHETIST ORTHOTIST AST","3",""
"2629","PROVIDER ENROLLMENT PROFL 3","3",""
"2664","PUBL EQUITY INV OFCR","3",""
"2679","PUBL SFTY DISPATCHER SUPV","3",""
"2703","QA RELEASE MGT SUPV 2","3",""
"2731","RADLG SVC MGR 2","3",""
"2768","RECORDS ANL 4","3",""
"2775","RECR MGR 2","3",""
"2785","RECR PRG LEADER 4 BYA","3",""
"2795","RECR THER 2 EX","3",""
"2799","RECR THER 3 PD","3",""
"2812","REGISTRAR","3",""
"2817","REGISTRAR MGR 2","3",""
"2818","REGISTRAR MGR 3","3",""
"2852","REIMB HC ANL 4","3",""
"2855","REIMB HC MGR 2","3",""
"2921","RISK MGT HC MGR 2","3",""
"2985","SCRTY MGR 2","3",""
"2991","SECOND ENGR AST","3",""
"3040","SPEECH PATHOLOGIST 3","3",""
"3071","SRA 2 SUPV","3",""
"3081","STATE GOVT REL PROFL 4","3",""
"3082","STATE GOVT REL PROFL 5","3",""
"3084","STATISTICIAN AST","3",""
"3086","STATISTICIAN PRN SUPV","3",""
"3114","STDT ACAD SUPV 1","3",""
"3124","STDT AFFAIRS OFCR 2 SUPV","3",""
"3197","STEAM PLT SUPV","3",""
"3227","STRAT SOURCING MGR 3","3",""
"3237","STUDIO PROJECTIONIST","3",""
"3239","STUDIO PROJECTIONIST SR","3",""
"3251","SURGICAL CRD","3",""
"3270","SVC ENGR LD","3",""
"3295","SYSWIDE ACAD HR ANL 4","3",""
"3320","TCHN PRN SUPV","3",""
"3340","TECH SUPP ANL 3","3",""
"3341","TECH TRANSFER OFCR 1","3",""
"3385","TRANSPLANT MGR 3","3",""
"3387","TRAVEL MGT OFCR 3","3",""
"3440","VENDOR REL MGR 1","3",""
"3444","VENDOR REL SPEC 4","3",""
"3490","VOLUNTEER SVC MGR 1","3",""
"977","COORD FLD WK-FY-CONTINUING","2","Unit 18"
"3065","SR LECT-AY-1/9-CONTINUING","2","Unit 18"
"2","ABSOLUTE RETURNS INV DIR","2","Staff"
"3","ABSOLUTE RETURNS INV MGR 3","2","Staff"
"249","ANL 2 SUPV","2","Staff"
"471","AUDIT PROFL 1","2","Staff"
"505","BEH HEALTH PSYCHIATRIC MGR 2","2","Staff"
"521","BENEFITS MGR 2","2","Staff"
"523","BENEFITS PRG STRAT ANL 3","2","Staff"
"529","BENEFITS PRG STRAT MGR 4","2","Staff"
"532","BIBLIOGRAPHER 1","2","Staff"
"537","BIOINFORMATICS PROGR 3 GF","2","Staff"
"540","BIOINFORMATICS SUPV 2","2","Staff"
"561","BOAT ENGR","2","Staff"
"579","BUS DEV HC MGR 4","2","Staff"
"587","BUS INTEL SPEC 5","2","Staff"
"607","BUYER","2","Staff"
"613","BUYER 5 SUPV","2","Staff"
"615","CABINET MAKER","2","Staff"
"797","CLIN NURSE SHS MGR 1","2","Staff"
"803","CLIN OPS SHS ADM 4","2","Staff"
"848","CMPTL AND DATA SCI RSCH MGR 3","2","Staff"
"864","CMTY HEALTH OUTR SUPV 1","2","Staff"
"875","CNSLNG CTR MGR 1","2","Staff"
"959","CONTRACT ADMSTN SUPV 2","2","Staff"
"965","CONTRACTS AND GRANTS SUPV 2 GF","2","Staff"
"966","CONTROLLER","2","Staff"
"1191","EEO MGR 1","2","Staff"
"1250","EMPLOYEE REL MGR 2","2","Staff"
"1298","EQUIP OPS ENGR","2","Staff"
"1331","EXEC CHEF","2","Staff"
"1378","FACULTY RECRUITMENT ALLOW","2","Staff"
"1407","FINANCIAL AID MGR 3","2","Staff"
"1532","GLAZIER","2","Staff"
"1597","HIGH VOLT ELECTRN LD","2","Staff"
"1704","INFECTION PREVENTION MGR 1","2","Staff"
"1705","INFECTION PREVENTION MGR 2","2","Staff"
"1719","INSP PLNR EST NEX","2","Staff"
"1723","INSPECTION MGR 3","2","Staff"
"1740","INSULATION WORKER","2","Staff"
"1805","K to 14 ACAD PREP MGR 3","2","Staff"
"1937","MAIL SVC MGR 1","2","Staff"
"2458","PHYSCN SHS MGR 3","2","Staff"
"2545","PROCUREMENT MGR 4","2","Staff"
"2764","RECORDING TCHN","2","Staff"
"2844","REHAB SVC SHS MGR 1","2","Staff"
"2928","ROOFER LD","2","Staff"
"3420","USER EXP DESIGNER 5","2","Staff"
"3518","WRITTEN COMM MGR 1","2","Staff"
"78","ACT ASSOC PROF-HCOMP","2","Senate"
"322","ASSOC LAW LIBRARIAN","2","Senate"
"328","ASSOC PROF IN RES-FY","2","Senate"
"330","ASSOC PROF IN RES-SFT-VM","2","Senate"
"338","ASSOC PROF-FY-B/E/E","2","Senate"
"368","ASSOCIATE LAW LIBRARIAN","2","Senate"
"2569","PROF IN RES-SFT-VM","2","Senate"
"306","ASSOC ADJ PROF-SFT-VM","2","Research"
"308","ASSOC AGRON AES-AY-B/E/E","2","Research"
"309","ASSOC AGRON AES-B/E/E","2","Research"
"342","ASSOC PROJ SCI-FY-B/E/E NONREP","2","Research"
"356","ASSOC RES-LR SCL-AY-1/9-B/E/E","2","Research"
"409","ASST RES (WOS)","2","Research"
"2605","PROJ SCIENTIST-FY-B/E/E NEX","2","Research"
"2878","RESC MGR","2","Research"
"3458","VIS ASSOC PROJ SCIENTIST NEX","2","Research"
"375","ASST ADJ PROF-FY-B/E/E","2","Non-Senate"
"377","ASST ADJ PROF-SFT-VM","2","Non-Senate"
"1669","HS ASSOC CLIN PROF-SFT-VM","2","Non-Senate"
"3456","VIS ASSOC PROF-HCOMP","2","Non-Senate"
"3471","VIS PROF-HCOMP","2","Non-Senate"
"3501","VST ASSOC PROFESSOR-AY-1/9TH","2","Non-Senate"
"3502","VTG PROF OF LAW","2","Non-Senate"
"217","AMBUL CARE ADMSTN MGR 4","2","Med Center"
"223","AMBUL CARE PAT MGR 3","2","Med Center"
"229","ANES OR CLIN SUPP MGR 1","2","Med Center"
"231","ANES OR CLIN SUPP SUPV 2","2","Med Center"
"236","ANESTHESIA TCHN LD","2","Med Center"
"623","CARDIOVASCULAR MGR 3","2","Med Center"
"624","CARDIOVASCULAR SUPV 1","2","Med Center"
"722","CLIN APPLICATIONS MGR 3","2","Med Center"
"742","CLIN ENGR 3 GF","2","Med Center"
"748","CLIN ENGR SUPV 1","2","Med Center"
"750","CLIN IMG IT MGR 1","2","Med Center"
"779","CLIN LAB SHS SUPV 2","2","Med Center"
"814","CLIN REGIS ANL 4","2","Med Center"
"815","CLIN REGIS MGR 1","2","Med Center"
"1578","HEALTH INFO MGT MGR 2","2","Med Center"
"1579","HEALTH INFO MGT MGR 3","2","Med Center"
"1585","HEALTH PROFNS EDUC MGR 3","2","Med Center"
"2001","MED CTR COOK AST","2","Med Center"
"2009","MED CTR DEV TCHN 2","2","Med Center"
"2025","MED CTR LAB MECHN HELPER","2","Med Center"
"2027","MED CTR LAB MECHN SR","2","Med Center"
"2029","MED CTR PARKING REPR LD","2","Med Center"
"2031","MED CTR SCRTY OFCR PD","2","Med Center"
"2069","MED STF SVC SUPV 2","2","Med Center"
"2158","NUC MED MGR 1","2","Med Center"
"2169","NURSE ANESTHETIST SUPV 2 NEX","2","Med Center"
"2177","NURSE PRACT SHS SUPV 2","2","Med Center"
"2179","NURSE PRACT SUPV 2 EX","2","Med Center"
"2182","NURSE STF CRD PD","2","Med Center"
"453","ATH SUPV 1","2","Athletics"
"456","ATH TRAINER 1","2","Athletics"
"462","ATH TRAINING MGR 1","2","Athletics"
"3369","TRAINER 4 GF","2","Athletics"
"119","ADMIN AST 1","2","Admin Staff"
"297","ASSISTANT DEAN (STAFF)","2","Admin Staff"
"91","ACT/INTERIM VICE PROVOST","2","Admin"
"366","ASSOCIATE DIRECTOR (MGMT)","2","Admin"
"2514","PRESIDENT OF THE UNIV","2","Admin"
"3437","VC STRAT COMM","2","Admin"
"1732","INSTRUCTIONAL DESIGN MGR 1","2","Acad Staff"
"1739","INSTRUCTIONAL DESIGNER 5","2","Acad Staff"
"1895","LIBRARY BOOKBINDER","2","Acad Staff"
"1897","LIBRARY BOOKBINDER SR","2","Acad Staff"
"2815","REGISTRAR COLL SUPV 2","2","Acad Staff"
"3139","STDT DISABILITY MGR 2","2","Acad Staff"
"3163","STDT LEGAL SVC ADVISOR 4","2","Acad Staff"
"3190","STDT SVC MGR 3","2","Acad Staff"
"47","ACCELERATOR OPR PRN","2",""
"57","ACCOUNTANT 3 SUPV","2",""
"60","ACCOUNTANT AST","2",""
"63","ACCOUNTANT SUPV","2",""
"71","ACCOUNTING TECHNICIAN","2",""
"73","ACQUISITIONS EDITOR 4","2",""
"137","ADMIN OFCR 3 GF","2",""
"146","ADMINISTRATIVE ANALYST","2",""
"148","ADMINISTRATIVE SPECIALIST","2",""
"160","ADMISSIONS RECRMT SPEC 5","2",""
"176","ADV PRACTICE MGR 3","2",""
"274","ART THERAPIST","2",""
"277","ARTIST PRN SUPV","2",""
"280","ARTS AND LECTURES SUPV","2",""
"421","ASST SPECIALIST (WOS)","2",""
"424","ASST SPECIALIST NON REP","2",""
"617","CAMPUS OMBUDSPERSON","2",""
"619","CAPITAL MARKETS FIN OFCR 3","2",""
"649","CARPENTER SPEC","2",""
"650","CARPENTER SUPV","2",""
"677","CHARGE DESC ANL 3","2",""
"678","CHARGE DESC ANL 4","2",""
"701","CHILD DEV DEMO LECT-CONTINUING","2",""
"702","CHILD LIFE MGR 1","2",""
"710","CHILD LIFE SUPV 2","2",""
"886","CODER","2",""
"888","COGEN INSTRUMENT CNTRL TCHN","2",""
"922","COMPUTER LAB ASSISTANT","2",""
"928","COMPUTER SUPPORT SPECIALIST","2",""
"945","CONST PROJECT MGR PRN","2",""
"999","CTRL STERILE MGR 2","2",""
"1015","CURRICULUM PLNR 4","2",""
"1021","CUSTODIAL MGR 2","2",""
"1037","CUSTOMER SVC MGR 2","2",""
"1062","DATA SYS MGR 4","2",""
"1083","DECISION SUPP SPEC 2","2",""
"1095","DENTIST AST","2",""
"1104","DESIGN AND CONST MGR 3","2",""
"1106","DESIGN AND CONST MGT SPEC 2","2",""
"1107","DESIGN AND CONST MGT SPEC 3","2",""
"1108","DESIGN AND CONST MGT SPEC 4","2",""
"1116","DEV ENGR SR SUPV","2",""
"1129","DIETITIAN 2 SUPV","2",""
"1154","DISABLED STUDENTS/ADMIN ASSIST","2",""
"1161","DOSIMETRY SUPV 2","2",""
"1186","EEG TCHNO PD","2",""
"1222","ELECTRN APPR","2",""
"1229","ELECTROCARDIOGRAPH TCHN","2",""
"1271","ENERGY MGT ANL 2","2",""
"1284","ENGR SR","2",""
"1297","EQUIP OPR","2",""
"1302","ETHICS AND CMPLNC PROFL 1","2",""
"1313","EVENTS SPEC 3 GF","2",""
"1370","FAC SUPV 2 GF","2",""
"1381","FARM MACH MECH AST","2",""
"1386","FEDERAL GOVT REL MGR 2","2",""
"1388","FEDERAL GOVT REL PROFL 5","2",""
"1430","FINANCIAL SVC ANL 4 GF","2",""
"1431","FINANCIAL SVC ANL 5","2",""
"1440","FIRE AND SCRTY SYS SUPV AST","2",""
"1442","FIRE CAPTAIN 40 HRS","2",""
"1470","FOOD SVC HC SUPV 2","2",""
"1472","FOOD SVC MECH AST","2",""
"1485","FOOD SVC SUPV PRN","2",""
"1508","GEN ACCOUNTANT 4 GF","2",""
"1515","GENETIC CNSLR 1 EX","2",""
"1520","GENETIC CNSLR 3 NEX","2",""
"1525","GEOGRAPHIC INFO SYS SUPV 2","2",""
"1536","GOVT REL MGR 3","2",""
"1544","GROUNDS SR SUPV EX","2",""
"1605","HOME HEALTH AIDE PD","2",""
"1607","HOME HEALTH MGR 2","2",""
"1610","HOME HEALTH NURSE PD","2",""
"1619","HOSP BLANK AID","2",""
"1646","HOUSE SHIFT ADMIN 4 NEX","2",""
"1681","HVAC AST SUPV","2",""
"1752","INV RISK DIR","2",""
"1754","INV RISK OFCR","2",""
"1771","IRRIGATION SUPV","2",""
"1780","IT SCRTY ANL 1","2",""
"1783","IT SCRTY ANL 3 GF","2",""
"1799","K TO 12 EDUCATOR 5","2",""
"1801","K TO 12 EDUCATOR MGR 2","2",""
"1851","LAUNDRY MACH OPR","2",""
"1854","LEAD ADMIN ASSIST / FAC SUPP","2",""
"1875","LEGAL SECR","2",""
"1888","LIBRARY ASSISTANT V","2",""
"1917","LOAN SVC ANL 2","2",""
"1935","MAIL PROCESSOR PRN","2",""
"1940","MAINT A LD","2",""
"1941","MAINT B LD","2",""
"1954","MARINE MECHN","2",""
"1965","MARKETING MGR 3","2",""
"1974","MARKETING SUPV 2 GF","2",""
"1981","MATERIALS MGT HC MGR 3","2",""
"1987","MECH SHOP SUPT","2",""
"2082","MEETING ROOM CAPTAIN 3 B","2",""
"2087","MENTAL HEALTH THER 2","2",""
"2088","MGD CARE MGR 1","2",""
"2102","MGT AND PROFL PRG UNTTL","2",""
"2111","MISC (STUDENT)","2",""
"2118","MUSEUM ATTENDANT","2",""
"2140","NETWORK & SYSTEMS ENGINEER","2",""
"2149","NON EVALUATED PSS EX","2",""
"2156","NTRTN AND DIETARY HC SUPV 1","2",""
"2199","OCCUPATIONAL THER 4","2",""
"2202","OCCUPATIONAL THER CERT AST 3","2",""
"2221","OPS ROOM SUPP AST PD","2",""
"2241","ORTHOPTIST SR","2",""
"2253","PARALEGAL MGR 1","2",""
"2255","PARALEGAL SPEC SR","2",""
"2256","PARKING AND TRANSPORT MGR 2","2",""
"2296","PAT CASHIERING SUPV 1","2",""
"2305","PAT NAVGTR CLIN SUPV 2","2",""
"2309","PAT NAVGTR NON-CLIN SUPV 2","2",""
"2313","PAT RCDS ABSTRACTOR 3 PD","2",""
"2317","PAT REL MGR 3","2",""
"2331","PAT SUPP CALL CTR MGR 1","2",""
"2333","PAT SUPP CALL CTR SUPV 2","2",""
"2336","PAT TRANSPORT MGR 1","2",""
"2344","PATHOLOGY AST 3 GF","2",""
"2349","PAYROLL ANL 4","2",""
"2364","PERFUSIONIST PRN EX","2",""
"2374","PERSONNEL ANL PRN 1 SUPV","2",""
"2377","PERSONNEL ANL SR SUPV","2",""
"2409","PHOTOGRAPHER","2",""
"2414","PHYS PLT ADM AST","2",""
"2425","PHYS PLT SUPT AST","2",""
"2452","PHYSCN NETWORK DEV SPEC 3 GF","2",""
"2454","PHYSCN SHS 4 LIMITED HOURS","2",""
"2466","PLNG MGR 4","2",""
"2471","PLNG SUPV 2","2",""
"2476","PLUMBER 2","2",""
"2485","POLICE CHF","2",""
"2486","POLICE CHF AST OR CAPTAIN","2",""
"2518","PRG PROMOTION MGR 2 SUPV","2",""
"2534","PRIVATE EQUITY MGR 3","2",""
"2552","PROD CNTRL SUPV 2","2",""
"2557","PRODUCT DEV MGR 1","2",""
"2609","PROJECT POLICY ANL 3 GF","2",""
"2639","PSYCHOLOGIST 2 SUPV","2",""
"2658","PUBL EDUC SPEC 3 GF","2",""
"2702","QA RELEASE MGT MGR 2","2",""
"2705","QLTY AND PERF METRICS MGR 1","2",""
"2708","QLTY IMPV HC MGR 3","2",""
"2718","RAD THER MGR 2","2",""
"2726","RADLG AST 2","2",""
"2727","RADLG AST PD","2",""
"2732","RADLG SVC MGR 3","2",""
"2733","RADLG SVC SUPV 1","2",""
"2748","REAL ESTATE INV MGR 3","2",""
"2751","REAL ESTATE MGR 3","2",""
"2771","RECORDS TECHNICIAN","2",""
"2792","RECR SUPV SR NEX","2",""
"2794","RECR THER 1 NEX","2",""
"2827","REGL AND CMPLNC HC SPEC 1","2",""
"2832","REGL AND CMPLNC HC SUPV 2","2",""
"2835","REGL POLICY AND INTEL PROFL 3","2",""
"2838","REHAB AID 1","2",""
"2894","RESIDENTIAL SVC MECH LD","2",""
"2923","RISK MGT HC PROFL 2","2",""
"2933","RSCH ADM 4 GF","2",""
"2960","RSCH GNT PRG OFCR 3 GF","2",""
"2971","SALES SUPV 2","2",""
"2992","SECOND OFCR","2",""
"2995","SENIOR ACCOUNTANT","2",""
"2998","SENIOR RECORDS TECHNICIAN","2",""
"3001","SHEETMETAL WORKER LD","2",""
"3006","SIGN MAKER SPEC","2",""
"3047","SPEECH PATHOLOGIST SR SUPV EX","2",""
"3049","SPIRITUAL CARE HC MGR 2","2",""
"3058","SR ADMINISTRATIVE ASSISTANT","2",""
"3079","STATE GOVT REL PROFL 2","2",""
"3148","STDT HEALTH DENTIST 4","2",""
"3228","STRAT SOURCING PROFL 2","2",""
"3236","STUDENT SERVICES PROGRAM COORD","2",""
"3260","SURVEY RESEARCHER SUPV 2","2",""
"3263","SUSTAIN MGR 1","2",""
"3294","SYSWIDE ACAD HR ANL 3","2",""
"3299","SYSWIDE BUDGET ANL 3","2",""
"3304","TAX CMPLNC ANL 3","2",""
"3305","TAX CMPLNC ANL 4","2",""
"3306","TAX CMPLNC MGR 2","2",""
"3309","TCHL PROJECT MGR 3","2",""
"3342","TECH TRANSFER OFCR 2","2",""
"3343","TECHNICAL SPECIALIST","2",""
"3354","THEATER PROD PRN SUPV","2",""
"3359","THEATER PROD SUPV SR EX","2",""
"3374","TRANSIT SVC MGR 1","2",""
"3376","TRANSIT SVC SUPV 2","2",""
"3379","TRANSLATOR TCHL","2",""
"3396","TREE TRIM LD","2",""
"3405","UCDC EDUCATOR - FY","2",""
"3449","VETERINARIAN 5","2",""
"3466","VIS ASST SPECIALIST","2",""
"3481","VISUAL COMM SUPV 2","2",""
"3489","VOC REHAB SUPV 2","2",""
"3494","VOLUNTEER SVC SUPV 2","2",""
"975","COORD FLD WK-AY-CONTINUING","1","Unit 18"
"976","COORD FLD WK-FY","1","Unit 18"
"1459","FLD WK SUPV-AY","1","Unit 18"
"3064","SR LECT-AY","1","Unit 18"
"84","ACT LECT PSOE-AY","1","Teaching Track"
"1859","LECT PSOE-AY-LAW","1","Teaching Track"
"1861","LECT SOE-AY-1/9","1","Teaching Track"
"1863","LECT SOE-FY","1","Teaching Track"
"3060","SR LECT SOE-AY-1/9","1","Teaching Track"
"3063","SR LECT SOE-FY","1","Teaching Track"
"3182","STDT RSDNC HALLS LD","1","Students"
"1540","GRAD RESEARCH FELLOW","1","Student Reasearch"
"1549","GSAR-GSHIP","1","Student Reasearch"
"83","ACT INSTR-GRAD STDNT-NON-GSHIP","1","Student Instruction"
"3337","TEACHING ASST STPD","1","Student Instruction"
"3338","TEACHING CLIN DENTAL AST SUPV","1","Student Instruction"
"1","ABSOLUTE RETURNS INV ANL 3","1","Staff"
"68","ACCOUNTING MGR 4","1","Staff"
"252","ANL 4 SUPV","1","Staff"
"254","ANL 5 SUPV","1","Staff"
"256","ANL 6 SUPV MSP","1","Staff"
"267","ARCHITECT PRN","1","Staff"
"270","ARCHITECTURAL ASC NEX","1","Staff"
"272","ARCHITECTURAL ASC SR","1","Staff"
"427","AST FIRE CHF MGR 1","1","Staff"
"477","AUDITOR 2 EX","1","Staff"
"478","AUDITOR 3","1","Staff"
"491","AV IT ENGR MGR 1","1","Staff"
"506","BEH HEALTH PSYCHIATRIC MGR 4","1","Staff"
"507","BEH HEALTH PSYCHIATRIC PROFL 1","1","Staff"
"513","BEHAVIORAL SVC 1","1","Staff"
"519","BENEFITS ANL 5","1","Staff"
"522","BENEFITS MGR 3","1","Staff"
"526","BENEFITS PRG STRAT MGR 1","1","Staff"
"528","BENEFITS PRG STRAT MGR 3","1","Staff"
"556","BLDG MAINT SUPV","1","Staff"
"564","BOTANICAL GARDEN ARBOR MGR SR","1","Staff"
"565","BROADCAST COMM MGR 1","1","Staff"
"570","BROADCAST COMM SUPV 2","1","Staff"
"572","BUDGET ANL PRN 1","1","Staff"
"574","BUDGET ANL PRN SUPV","1","Staff"
"592","BUS SYS ANL 3 GF","1","Staff"
"603","BUS TCHL SUPP MGR 3","1","Staff"
"606","BUS TCHL SUPP SUPV 2 GF","1","Staff"
"608","BUYER 1","1","Staff"
"614","BUYER PRN","1","Staff"
"667","CEMENT MASON LD","1","Staff"
"798","CLIN NURSE SHS MGR 2","1","Staff"
"852","CMPTL AND DATA SCI RSCH SUPV 2","1","Staff"
"853","CMPTL DATA SCI RSCH SPEC 3 GF","1","Staff"
"936","CONSERVATOR 4","1","Staff"
"979","COORD PUBLIC PROG V NON REP","1","Staff"
"1012","CURATORIAL SUPV 2","1","Staff"
"1027","CUSTODIAN LEADER","1","Staff"
"1162","DRAFTING TCHN PRN","1","Staff"
"1234","ELEVATOR MECH HELPER","1","Staff"
"1455","FLD PROG SUPV","1","Staff"
"1533","GLAZIER WORKER LD","1","Staff"
"1698","INFECTION PREVENTION CRD 1","1","Staff"
"1699","INFECTION PREVENTION CRD 2","1","Staff"
"1701","INFECTION PREVENTION CRD 3 GF","1","Staff"
"1718","INSP PLNR EST AST","1","Staff"
"1721","INSPECTION MGR 1","1","Staff"
"1722","INSPECTION MGR 2","1","Staff"
"1724","INSTITUTIONAL RSCH ANL 1","1","Staff"
"1731","INSTITUTIONAL RSCH MGR 3","1","Staff"
"1741","INSULATION WORKER LD","1","Staff"
"1768","IRRIGATION MECH LD","1","Staff"
"1933","MACHINIST WORKER LD","1","Staff"
"2415","PHYS PLT LABORER GARDENER A","1","Staff"
"2550","PROD CNTRL MGR 1","1","Staff"
"2729","RADLG SHS SUPV 2","1","Staff"
"2801","RECYCLING REFUSE SVC MGR 1","1","Staff"
"3422","UTILIZATION MGT MGR 1","1","Staff"
"3423","UTILIZATION MGT MGR 2","1","Staff"
"3507","WATER AND WASTEWATER OPR APPR","1","Staff"
"3508","WATER DISTRIBUTION MECH 2","1","Staff"
"3509","WEB DEVELOPER","1","Staff"
"3510","WINDOW CLEANER","1","Staff"
"3519","WRITTEN COMM MGR 2","1","Staff"
"88","ACT PROF-FY","1","Senate"
"327","ASSOC PROF IN RES-AY-B/E/E","1","Senate"
"388","ASST PROF IN RES-AY-1/9","1","Senate"
"389","ASST PROF IN RES-AY-B/E/E","1","Senate"
"390","ASST PROF IN RES-FY","1","Senate"
"392","ASST PROF IN RES-SFT-VM","1","Senate"
"393","ASST PROF OF CLIN-FY","1","Senate"
"2565","PROF IN RES-AY-1/9","1","Senate"
"2950","RSCH CMPLNC MGR 3","1","Research Staff"
"195","AGRON AES-B/E/E-AY","1","Research"
"343","ASSOC PROJ SCIENTIST (WOS)","1","Research"
"347","ASSOC PROJ SCNTST-FY-B/E/E NEX","1","Research"
"355","ASSOC RES-LR SCL-AY-1/9","1","Research"
"357","ASSOC RES-LR SCL-FY","1","Research"
"378","ASST AGRON AES","1","Research"
"418","ASST RES-LR SCL-AY-B/E/E","1","Research"
"419","ASST RES-LR SCL-FY","1","Research"
"2877","RES-LR SCL-FY","1","Research"
"3476","VIS SPECIALIST NEX","1","Research"
"80","ACT ASST PROF-AY-1/9-B/E/E","1","Non-Senate"
"99","ADJ PROF-AY-1/10-BEE","1","Non-Senate"
"304","ASSOC ADJ PROF-FY-B/E/E","1","Non-Senate"
"372","ASST ADJ PROF-AY-1/9-B/E/E","1","Non-Senate"
"806","CLIN PROF-DENT-50%/+-FY","1","Non-Senate"
"212","AMBUL CARE ADMSTN CRD 4 GF","1","Med Center"
"240","ANESTHETIST NURSE PRN","1","Med Center"
"245","ANGIOGRAPHY TCHNO LD","1","Med Center"
"246","ANGIOGRAPHY TCHNO PD","1","Med Center"
"465","AUDIOLOGIST PD","1","Med Center"
"622","CARDIOVASCULAR MGR 2","1","Med Center"
"713","CIO MED CTR","1","Med Center"
"724","CLIN APPLICATIONS PROFL 1","1","Med Center"
"735","CLIN DOC SPEC 2","1","Med Center"
"737","CLIN DOC SPEC 3 GF","1","Med Center"
"739","CLIN DOC SUPV 2","1","Med Center"
"743","CLIN ENGR 4","1","Med Center"
"744","CLIN ENGR 5","1","Med Center"
"747","CLIN ENGR MGR 3","1","Med Center"
"754","CLIN IMG IT SPEC 3 GF","1","Med Center"
"756","CLIN IMG IT SPEC 5","1","Med Center"
"757","CLIN IMG IT SUPV 2","1","Med Center"
"760","CLIN INFORMATICS MGR 3","1","Med Center"
"792","CLIN NURSE EDUC 5","1","Med Center"
"794","CLIN NURSE EDUC MGR 2","1","Med Center"
"802","CLIN NURSE SUPV 4 NEX","1","Med Center"
"808","CLIN PROFL SVC MGR 1","1","Med Center"
"816","CLIN REGIS SUPV 1","1","Med Center"
"819","CLIN RSCH ANL 4 GF","1","Med Center"
"825","CLIN RSCH CRD SUPV","1","Med Center"
"840","CLIN SPEC SUPV NEX","1","Med Center"
"841","CLINICAL NURSE","1","Med Center"
"1338","EXEC VP PHYSCN SVC VD CLIN AFF","1","Med Center"
"1582","HEALTH PLAN ADMIN MGR 3","1","Med Center"
"1995","MED AST 4","1","Med Center"
"1997","MED CTR BLDG MAINT WORKER","1","Med Center"
"1998","MED CTR BLDG MAINT WORKER LD","1","Med Center"
"2010","MED CTR DEV TCHN 3","1","Med Center"
"2014","MED CTR ELECTR TCHN TRAINEE","1","Med Center"
"2040","MED ESTHETICIAN 3","1","Med Center"
"2044","MED INTERPRETER SVC MGR 1","1","Med Center"
"2047","MED LIBRARY HC PROFL 3","1","Med Center"
"2048","MED LIBRARY HC PROFL 3 GF","1","Med Center"
"2055","MED OFC SVC CRD 3 PD","1","Med Center"
"2058","MED PHYSICS SUPV 2","1","Med Center"
"2059","MED RCDS ADM","1","Med Center"
"2065","MED STF SVC MGR 3","1","Med Center"
"2070","MED SVC DIR","1","Med Center"
"2168","NURSE ANESTHETIST SUPV 2","1","Med Center"
"2188","NURSE-ONCALL","1","Med Center"
"2392","PHARMACY MGR 4","1","Med Center"
"461","ATH TRAINER SUPV","1","Athletics"
"2773","RECR COACH MGR 1","1","Athletics"
"3365","TRAINER 1","1","Athletics"
"299","ASSISTANT DIRECTOR, ADMIN SYS","1","Admin Staff"
"435","AST VP INSTITUTIONAL ADV","1","Admin Staff"
"984","COUNSEL","1","Admin Staff"
"1326","EXEC ADVISOR MGR 4","1","Admin Staff"
"1329","EXEC AST 4 GF","1","Admin Staff"
"1613","HOSP AST","1","Admin Staff"
"1836","LABOR REL MGR 4","1","Admin Staff"
"29","ACADEMIC ADMINISTRATOR II NEX","1","Admin"
"32","ACADEMIC ADMINISTRATOR IV NEX","1","Admin"
"45","ACADEMIC DEAN","1","Admin"
"89","ACT/INTERIM ASSOC VICE CHANC","1","Admin"
"281","ASC CHF INV OFCR","1","Admin"
"285","ASC VP ACAD PRG AND STRAT","1","Admin"
"286","ASC VP BUDGET AND FAC MGT","1","Admin"
"287","ASC VP BUS OPS ANR","1","Admin"
"288","ASC VP CPO","1","Admin"
"289","ASC VP CRO","1","Admin"
"290","ASC VP CSO","1","Admin"
"291","ASC VP ENERGY AND SUSTAIN","1","Admin"
"292","ASC VP FEDERAL GOVT REL","1","Admin"
"293","ASC VP HS","1","Admin"
"294","ASC VP STATE GOVT REL","1","Admin"
"295","ASC VP SYSWIDE CONTROLLER","1","Admin"
"676","CHANCELLOR AND DEAN","1","Admin"
"686","CHIEF FINANCIAL OFFICER","1","Admin"
"687","CHIEF INFORMATION OFFICER","1","Admin"
"1078","DEAN-EXTENDED LEARNING","1","Admin"
"1336","EXEC VP BUS OPS","1","Admin"
"1337","EXEC VP CFO","1","Admin"
"3424","VC ACAD PERSONNEL","1","Admin"
"3425","VC AND DEAN MARINE SCI","1","Admin"
"3427","VC BUDGET AND PLNG","1","Admin"
"3429","VC BUS DEV INNOV AND PARTNER","1","Admin"
"3431","VC COMMUNITY & GOVT REL","1","Admin"
"3438","VC UNDERGRAD","1","Admin"
"3454","VICE PROVOST ACAD PERSONNEL","1","Admin"
"3495","VP ANR","1","Admin"
"3496","VP GUEA","1","Admin"
"3497","VP HR","1","Admin"
"3498","VP IR AND ACAD PLNG","1","Admin"
"3499","VP NATIONAL LAB","1","Admin"
"3500","VP RSCH AND GRAD STUDIES","1","Admin"
"9","ACAD ACHIEVEMENT MGR 2","1","Acad Staff"
"23","ACAD PRG MGT OFCR 3 GF","1","Acad Staff"
"46","ACADEMIC PROGRAM COORDINATOR","1","Acad Staff"
"951","CONTINUING EDUCATOR II NEX","1","Acad Staff"
"1733","INSTRUCTIONAL DESIGN MGR 2","1","Acad Staff"
"1738","INSTRUCTIONAL DESIGNER 4 GF","1","Acad Staff"
"1884","LIBRARIAN-CAREER NON REP","1","Acad Staff"
"1896","LIBRARY BOOKBINDER PRN","1","Acad Staff"
"2747","READER-NON STDNT/NON REP","1","Acad Staff"
"2813","REGISTRAR COLL MGR 1","1","Acad Staff"
"2814","REGISTRAR COLL SUPV 1","1","Acad Staff"
"51","ACCESS REPR PRN PD","1",""
"53","ACCOUNTANT","1",""
"64","ACCOUNTANT SUPV 2 GF","1",""
"75","ACQUISITIONS MGR 2","1",""
"118","ADMIN ASSISTANT TO ACAD DEAN","1",""
"133","ADMIN NURSE 5","1",""
"134","ADMIN NURSE SHS PROFL 4","1",""
"145","ADMIN SUPV 2 GF","1",""
"163","ADMISSIONS RECRMT SUPV 2 GF","1",""
"175","ADV PRACTICE MGR 2","1",""
"180","AEROSPACE ENGR 1","1",""
"200","ALUMNI EXTERNAL REL MGR 4","1",""
"296","ASSET ALLOC AND INV STRAT MGR3","1",""
"314","ASSOC DIR (MGT)","1",""
"430","AST SUPT MGR 2","1",""
"431","AST TO BLANK 1 SUPV","1",""
"432","AST TO BLANK 2 SUPV","1",""
"618","CAPITAL MARKETS FIN MGR 2","1",""
"620","CAPITAL MARKETS FIN OFCR 4","1",""
"641","CAREER SVC SUPV 1","1",""
"644","CARPENTER 2","1",""
"645","CARPENTER APPR","1",""
"657","CASE MGR SOCIAL WORKER PD","1",""
"662","CASHIER OFC MGR","1",""
"682","CHF INV OFCR","1",""
"684","CHF TRANSFMTN OFCR","1",""
"685","CHI GREEN SCHOLAR-UCSD","1",""
"691","CHILD DEV ASC SR","1",""
"700","CHILD DEV DEMO LECT","1",""
"712","CHILD LIFE TEACHER 3","1",""
"714","CITY AND CAMPUS FIRE CHF MGR 3","1",""
"881","CNSLR 3","1",""
"890","COGEN OPR LD","1",""
"893","COLL REPR SR SUPV","1",""
"895","COMM AND NETWORK TCHL ANL 1","1",""
"903","COMM AND NETWORK TCHL MGR 3","1",""
"920","COMPENSATION SUPV 2","1",""
"923","COMPUTER OPR","1",""
"934","CONCIERGE MGR 1","1",""
"935","CONCIERGE MGR 2","1",""
"937","CONST INSP 2","1",""
"991","CSO HEAD OF HLTH AFFIL NETWORK","1",""
"992","CSO MED CTR","1",""
"1032","CUSTODIAN SR PD","1",""
"1041","CWSP - OFF CAMPUS","1",""
"1046","CYTO TCHNO SR PD","1",""
"1052","DATA PROC PROD CRD SR","1",""
"1061","DATA SYS MGR 3","1",""
"1067","DATABASE ADM 3 GF","1",""
"1071","DATATEL SYSTEMS ADMINISTRATOR","1",""
"1072","DATATEL USER SUPPORT ANALYST","1",""
"1085","DECISION SUPP SPEC 3 GF","1",""
"1099","DEPARTMENT VICE CHAIR","1",""
"1105","DESIGN AND CONST MGR 4","1",""
"1109","DESIGN AND CONST MGT SPEC 5","1",""
"1111","DEV ENGR ASC SUPV","1",""
"1127","DIETITIAN 1 NEX","1",""
"1130","DIETITIAN CHF","1",""
"1133","DIETITIAN PRN SUPV","1",""
"1137","DIGITAL COMM MGR 2","1",""
"1150","DIRECTOR OF ACAD SUPPORT PGM","1",""
"1151","DIRECTOR OF DRP","1",""
"1152","DIRECTOR OF INFORMATION TECH","1",""
"1153","DIRECTOR OF LEOP","1",""
"1156","DIVING OFCR","1",""
"1160","DOSIMETRY MGR 1","1",""
"1167","ECHOCARDIOGRAPHIC TCHN","1",""
"1176","EDUC FAC PLNR SR","1",""
"1179","EDUC TCHL MGR 2","1",""
"1190","EEG TCHNO SUPV EX","1",""
"1199","EHS MGR 4","1",""
"1204","EHS SPEC 2 SUPV","1",""
"1223","ELECTRN AST SUPV","1",""
"1230","ELECTROCARDIOGRAPH TCHN PD","1",""
"1236","ELEVATOR MECH SUPV","1",""
"1242","EMERGENCY MED TCHN PD","1",""
"1248","EMPLOYEE HEALTH SVC RN SUPV 2","1",""
"1251","EMPLOYEE REL MGR 3","1",""
"1256","EMPLOYEE REL SUPV 2","1",""
"1259","EMPLOYMENT MGR 2","1",""
"1260","EMPLOYMENT MGR 4","1",""
"1265","EMPLOYMENT REPR 5","1",""
"1266","EMPLOYMENT SUPV 1","1",""
"1269","ENERGY MGR 2","1",""
"1270","ENERGY MGR 3","1",""
"1273","ENERGY MGT ANL 3 GF","1",""
"1279","ENGR ASC SUPV","1",""
"1281","ENGR JR","1",""
"1285","ENGR SR SUPV","1",""
"1290","ENTERPRISE RISK MGR 4","1",""
"1315","EVENTS SPEC 4 GF","1",""
"1334","EXEC DIR MED GROUP","1",""
"1339","EXEC VP UC HEALTH","1",""
"1341","EXECUTIVE DIRECTOR - HR","1",""
"1343","EXHIBITIONS SUPV 2","1",""
"1345","FAC MAINT SUPV SR","1",""
"1351","FAC MGR 4","1",""
"1375","FACULTY ASST TO CHANC","1",""
"1397","FIELD VETERINARIAN 4","1",""
"1404","FIN ANL SR SUPV","1",""
"1439","FIRE AND SCRTY SYS SUPV","1",""
"1444","FIRE CHF MGR 2","1",""
"1454","FIXED INCOME INV OFCR","1",""
"1461","FLEET SVC MGR 1","1",""
"1464","FLOATING LAB CREWMEMBER","1",""
"1467","FLOORING INSTALLER SUPV","1",""
"1468","FOOD SVC CRD","1",""
"1473","FOOD SVC MECH LD","1",""
"1482","FOOD SVC SUPV","1",""
"1492","FUNDRAISER","1",""
"1510","GEN COUNSEL VP LEGAL AFFAIRS","1",""
"1511","GENERAL COUNSEL/BOARD SCRTRY","1",""
"1513","GENETIC CNSLNG HC MGR 2","1",""
"1521","GENETIC CNSLR PD","1",""
"1531","GIFT SHOP MGR","1",""
"1535","GOVT REL MGR 2","1",""
"1548","GROUNDSKEEPER SR LD","1",""
"1603","HISTO TCHNO SUPV EX","1",""
"1606","HOME HEALTH MGR 1","1",""
"1612","HOSP AID PD","1",""
"1636","HOSP MED TRANSCRIBER SR PD","1",""
"1637","HOSP RAD PHYSICIST AST","1",""
"1639","HOSP RAD PHYSICIST NEX","1",""
"1640","HOSP RAD PHYSICIST SUPV","1",""
"1649","HR ANL 1","1",""
"1657","HR GENERALIST 4 GF","1",""
"1665","HR SUPV 2 GF","1",""
"1688","HVY DUTY EQUIP TCHN AST","1",""
"1742","INTELLECTUAL PROPERTY OFCR 3","1",""
"1743","INTELLECTUAL PROPERTY OFCR 4","1",""
"1750","INTERVENTIONAL RADLG TCHNO LD","1",""
"1753","INV RISK MGR 3","1",""
"1761","IP OFCR 2 GF","1",""
"1765","IP SUPV 2","1",""
"1770","IRRIGATION SPEC LD","1",""
"1778","IT ARCHITECT MGR 3","1",""
"1779","IT ARCHITECT SUPV 2","1",""
"1791","JR SPECIALIST (WOS)","1",""
"1794","JR SPECIALIST NON REP","1",""
"1820","LAB GLASSBLOWER TRAINEE","1",""
"1830","LAB PROCESSING SUPV 2 GF","1",""
"1845","LACTATION CONSULTANT 3 GF","1",""
"1846","LANDSCAPE ARCHITECT AST","1",""
"1847","LANDSCAPE GROUNDS MGR 1","1",""
"1852","LAUNDRY MGR 1","1",""
"1877","LEGAL SECRETARY","1",""
"1879","LEGAL SUPP SPEC 4","1",""
"1880","LEGAL SVC ADVISOR 1","1",""
"1887","LIBRARY ASSISTANT IV","1",""
"1893","LIBRARY AST 4 SUPV","1",""
"1899","LIBRARY MGR 2","1",""
"1911","LINGUISTIC INTERPRETER SR","1",""
"1912","LOAN ORIGINATION MGR 1","1",""
"1913","LOAN ORIGINATION MGR 2","1",""
"1916","LOAN ORIGINATION OFCR 4","1",""
"1918","LOAN SVC ANL 3","1",""
"1919","LOAN SVC MGR 1","1",""
"1921","LOCKSMITH 1","1",""
"1925","LOCKSMITH SUPV","1",""
"1928","LRNG SKLS CNSLR AST","1",""
"1945","MAINT MECH SUPV","1",""
"1950","MANAGER, STUDENT HEALTH SVCS","1",""
"1951","MANAGING DIRECTOR","1",""
"1955","MARINE MECHN PRN","1",""
"1957","MARINE OPS MGR 4","1",""
"1970","MARKETING SPEC 4 GF","1",""
"1976","MASON AST SUPV","1",""
"1977","MASON SUPV","1",""
"1982","MATERIALS MGT HC MGR 4","1",""
"1988","MECH SHOP SUPT SR","1",""
"2073","MEDIA COMM MGR 3","1",""
"2079","MEDIA COMM SUPV 2","1",""
"2090","MGD CARE MGR 3","1",""
"2100","MGR ASC","1",""
"2131","MUSEUM SCI SR SUPV","1",""
"2134","MUSICIAN","1",""
"2144","NEURO TCHNO SR PD","1",""
"2146","NEURODIAGNOSTIC SVC MGR 2","1",""
"2193","OCCUPATIONAL THER 1 SUPV","1",""
"2208","OMBUDSPERSON 4 GF","1",""
"2218","OPS ROOM EQUIP SPEC 1","1",""
"2228","OPTOMETRY SUPV 2","1",""
"2247","PAINTER SUPV","1",""
"2249","PARALEGAL 1","1",""
"2254","PARALEGAL SPEC","1",""
"2273","PAT ACCESS SVC MGR 3","1",""
"2274","PAT ACCESS SVC MGR 4","1",""
"2277","PAT ACCESS SVC SUPV 2 GF","1",""
"2292","PAT CARE DIALYSIS TCHN 2 PD","1",""
"2297","PAT CASHIERING SUPV 2","1",""
"2304","PAT NAVGTR CLIN 5","1",""
"2316","PAT REL MGR 2","1",""
"2318","PAT REL MGR 4","1",""
"2322","PAT REL SUPV 1","1",""
"2327","PAT SFTY PROFL 5","1",""
"2355","PAYROLL SUPV 2 GF","1",""
"2358","PERF ARTS MGR 2","1",""
"2360","PERFUSION SUPV 2","1",""
"2361","PERFUSION SUPV 2 EX","1",""
"2411","PHOTOGRAPHER PRN SUPV","1",""
"2413","PHOTOGRAPHIC TCHN SR","1",""
"2422","PHYS PLT MECH SUPV NEX","1",""
"2423","PHYS PLT SPEC","1",""
"2435","PHYS THER 3 SUPV EX","1",""
"2438","PHYS THER 5","1",""
"2450","PHYSCN NETWORK DEV MGR 2","1",""
"2474","PLT OPR LD","1",""
"2477","PLUMBER APPR","1",""
"2478","PLUMBER AST SUPV","1",""
"2502","POPULATION HEALTH MGR 3","1",""
"2505","POPULATION HEALTH SPEC 5","1",""
"2516","PRG PROMOTION MGR 1 SUPV","1",""
"2522","PRG REPR 3 SUPV","1",""
"2526","PRIVACY AND CMPLNC HC MGR 2","1",""
"2527","PRIVACY AND CMPLNC HC PROFL 2","1",""
"2531","PRIVATE EQUITY INV ANL 3","1",""
"2532","PRIVATE EQUITY INV DIR","1",""
"2544","PROCUREMENT MGR 3","1",""
"2551","PROD CNTRL SUPV 1","1",""
"2562","PRODUCT DEV SUPV 2","1",""
"2585","PROFL ENGR 3 GF","1",""
"2587","PROFL ENGR 5","1",""
"2616","PROJECT POLICY ANL MGR 4","1",""
"2621","PROSPECT RSCH MGR 2","1",""
"2625","PROSPECT RSCH SPEC 5","1",""
"2630","PROVIDER ENROLLMENT PROFL 4","1",""
"2631","PROVOST EXEC VP ACAD AFFAIRS","1",""
"2636","PSYCHOLOGIST 1 PD","1",""
"2638","PSYCHOLOGIST 2 PD","1",""
"2643","PSYCHOMETRY SUPV 2","1",""
"2660","PUBL EDUC SUPV 1","1",""
"2662","PUBL EQUITY INV ANL 3","1",""
"2663","PUBL EQUITY INV DIR","1",""
"2665","PUBL EQUITY MGR 3","1",""
"2669","PUBL EVENTS MGR PRN SUPV","1",""
"2671","PUBL EVENTS MGR SR SUPV","1",""
"2672","PUBL EVENTS MGR SUPV NEX","1",""
"2676","PUBL INFO REPR SUPV","1",""
"2683","PUBLICATIONS PROD MGR 2","1",""
"2684","PUBLICATIONS PROD MGR 4","1",""
"2690","PUBLICATIONS PROD SUPV 2 GF","1",""
"2691","PUBLICATONS MGR SR SUPV","1",""
"2693","PULMONARY TCHN 2","1",""
"2701","QA RELEASE MGT MGR 1","1",""
"2712","QLTY IMPV HC SPEC 3 GF","1",""
"2715","QLTY IMPV HC SUPV 1","1",""
"2719","RAD THER SUPV 2","1",""
"2721","RAD THER TCHNO CHF","1",""
"2740","RADLG TCHNO PRN SUPV","1",""
"2749","REAL ESTATE MGR 1","1",""
"2750","REAL ESTATE MGR 2","1",""
"2754","REAL ESTATE OFCR 3 GF","1",""
"2766","RECORDS ANL 2 CX","1",""
"2769","RECORDS MGR 1","1",""
"2770","RECORDS SUPV 1","1",""
"2793","RECR THER 1 EX","1",""
"2797","RECR THER 2 PD","1",""
"2798","RECR THER 3 EX","1",""
"2800","RECR THER PD","1",""
"2806","REG DENTAL AST SUPV EXTD FUNC","1",""
"2811","REGENTS"" PROF","1",""
"2833","REGL POLICY AND INTEL MGR 1","1",""
"2834","REGL POLICY AND INTEL MGR 2","1",""
"2837","REGL POLICY AND INTEL PROFL 5","1",""
"2841","REHAB AID 2 PD","1",""
"2847","REHAB SVC SUPV 1","1",""
"2849","REIMB HC ANL 1","1",""
"2854","REIMB HC MGR 1","1",""
"2856","REIMB HC MGR 3","1",""
"2857","REIMB HC SUPV 2","1",""
"2861","REPROGRAPHICS SUPV SR EX","1",""
"2886","RESID PHYS II-VIII/REP-OV","1",""
"2890","RESID PHYS/SUBSPEC/T32/NON REP","1",""
"2897","RESP CARE MGR 3","1",""
"2906","RESP THER PD","1",""
"2913","REVENUE CYCLE HC ANL 4 GF","1",""
"2922","RISK MGT HC MGR 3","1",""
"2926","RISK MGT HC PROFL 5","1",""
"2958","RSCH GNT PRG MGR 3","1",""
"2967","RSDT AST SUPV","1",""
"2972","SALES SUPV 2 GF","1",""
"2973","SCANNER 1","1",""
"2989","SCRTY SUPV 2 HC","1",""
"2993","SECR OF THE REGENTS","1",""
"3002","SHEETMETAL WORKER SUPV","1",""
"3003","SHIP OPS SUPV 2","1",""
"3004","SHIP SCHEDULER 3","1",""
"3005","SHUTTLE VAN DRIVER","1",""
"3008","SIGNMAKER LD","1",""
"3009","SIGNMAKER SUPV AST","1",""
"3010","SKLD CRAFTS AND TRADES SUPV 1","1",""
"3017","SKYROOM COORDINATOR","1",""
"3021","SOCIAL WORK HC MGR 2","1",""
"3023","SOCIAL WORK SHS MGR 1","1",""
"3033","SPECIALIST AES","1",""
"3038","SPEECH PATHOLOGIST 1","1",""
"3048","SPIRITUAL CARE HC MGR 1","1",""
"3052","SPIRITUAL CARE HC SPEC 4","1",""
"3054","SPORTS AST","1",""
"3055","SPORTS MED ATH TRAINER 3","1",""
"3056","SPORTS MED ATH TRAINER SUPV 2","1",""
"3067","SR MGN DIR FIXED INCOME ASSETS","1",""
"3078","STATE GOVT REL MGR 2","1",""
"3080","STATE GOVT REL PROFL 3","1",""
"3088","STATISTICIAN SR SUPV","1",""
"3089","STDNT. RES. ASST. II","1",""
"3122","STDT AFFAIRS OFCR 1 SUPV","1",""
"3133","STDT ARTIST OR PERF WKSTY","1",""
"3137","STDT CLIN WKSTY","1",""
"3149","STDT HEALTH DENTIST 4 PD","1",""
"3150","STDT HEALTH PHYSCN 3","1",""
"3219","STOREKEEPER SR SUPV","1",""
"3221","STOREKEEPING SUPV 2 GF","1",""
"3238","STUDIO PROJECTIONIST AST","1",""
"3241","STY ENGR LD","1",""
"3245","SUPPLY CHAIN MGR 2","1",""
"3246","SUPPLY CHAIN MGR 3","1",""
"3247","SUPPLY CHAIN MGR 4","1",""
"3248","SUPT MGR 3","1",""
"3264","SUSTAIN MGR 2","1",""
"3265","SUSTAIN OFCR 1","1",""
"3271","SVP ADULT SVC AND PRES","1",""
"3272","SVP CCAO","1",""
"3273","SVP CHILD SVC/PRES BENIOFF","1",""
"3274","SVP EXTERNAL REL","1",""
"3284","SYS ADMSTN SUPV 1","1",""
"3286","SYS INTEGRATION ENGR 1","1",""
"3292","SYS OPR APPR","1",""
"3296","SYSWIDE ACAD HR ANL 5","1",""
"3297","SYSWIDE ACAD HR MGR 1","1",""
"3298","SYSWIDE ACAD HR MGR 3","1",""
"3301","SYSWIDE BUDGET MGR 2","1",""
"3302","SYSWIDE BUDGET MGR 3","1",""
"3344","TECHNICIAN ASST","1",""
"3348","TELESCOPE TCHN SR","1",""
"3373","TRAINING DEV MGR 3","1",""
"3386","TRAVEL MGR 1","1",""
"3388","TRAVEL RESERVATIONIST 2","1",""
"3390","TRAVEL RESERVATIONIST SUPV","1",""
"3391","TREASURY ANL 2","1",""
"3393","TREASURY MGR 1","1",""
"3394","TREASURY MGR 2","1",""
"3398","TUMOR REGISTRAR 1","1",""
"3399","TUMOR REGISTRAR 3","1",""
"3411","ULTRASOUND TCHNO PRN SUPV","1",""
"3439","VENDING MACH TCHN","1",""
"3441","VENDOR REL SPEC 1","1",""
"3450","VETERINARIAN ASC PD","1",""
"3467","VIS JR SPECIALIST","1",""
"3469","VIS LIBRARIAN","1",""
"3478","VISUAL COMM MGR 1","1",""
"3480","VISUAL COMM SPEC 4 GF","1",""
"3488","VOC REHAB SUPV 1","1",""
"3491","VOLUNTEER SVC MGR 2","1",""
"3493","VOLUNTEER SVC SUPV 1","1",""